Timestamp,Roll_Delta,Pitch_Delta,Heading_Delta,Detected_Gesture,Actual_Roll,Actual_Pitch,Actual_Heading
88145972,1,1,-1,Centered,"[-89, -89, -89, -88, -88]","[-70, -70, -69, -69, -69]","[125, 125, 124, 124, 124]"
88171393,1,1,-2,Centered,"[-89, -89, -88, -88, -88]","[-70, -69, -69, -69, -69]","[125, 124, 124, 124, 123]"
88205392,2,0,-1,Centered,"[-89, -88, -88, -88, -87]","[-69, -69, -69, -69, -69]","[124, 124, 124, 123, 123]"
88230589,1,0,-2,Centered,"[-88, -88, -88, -87, -87]","[-69, -69, -69, -69, -69]","[124, 124, 123, 123, 122]"
88288444,2,0,-2,Centered,"[-88, -88, -87, -87, -86]","[-69, -69, -69, -69, -69]","[124, 123, 123, 122, 122]"
88318417,2,0,-1,Centered,"[-88, -87, -87, -86, -86]","[-69, -69, -69, -69, -69]","[123, 123, 122, 122, 122]"
88365359,1,0,-1,Centered,"[-87, -87, -86, -86, -86]","[-69, -69, -69, -69, -69]","[123, 122, 122, 122, 122]"
88390804,2,0,0,Centered,"[-87, -86, -86, -86, -85]","[-69, -69, -69, -69, -69]","[122, 122, 122, 122, 122]"
88419107,1,0,-1,Centered,"[-86, -86, -86, -85, -85]","[-69, -69, -69, -69, -69]","[122, 122, 122, 122, 121]"
88441672,2,0,-1,Centered,"[-86, -86, -85, -85, -84]","[-69, -69, -69, -69, -69]","[122, 122, 122, 121, 121]"
88467070,3,0,-2,Centered,"[-86, -85, -85, -84, -83]","[-69, -69, -69, -69, -69]","[122, 122, 121, 121, 120]"
88495576,2,0,-2,Centered,"[-85, -85, -84, -83, -83]","[-69, -69, -69, -69, -69]","[122, 121, 121, 120, 120]"
88519649,3,0,-2,Centered,"[-85, -84, -83, -83, -82]","[-69, -69, -69, -69, -69]","[121, 121, 120, 120, 119]"
88576535,3,0,-3,Centered,"[-84, -83, -83, -82, -81]","[-69, -69, -69, -69, -69]","[121, 120, 120, 119, 118]"
88720134,3,0,-3,Centered,"[-83, -83, -82, -81, -80]","[-69, -69, -69, -69, -69]","[120, 120, 119, 118, 117]"
88748566,3,0,-3,Centered,"[-83, -82, -81, -80, -80]","[-69, -69, -69, -69, -69]","[120, 119, 118, 117, 117]"
88772629,3,0,-3,Centered,"[-82, -81, -80, -80, -79]","[-69, -69, -69, -69, -69]","[119, 118, 117, 117, 116]"
88821602,3,0,-3,Centered,"[-81, -80, -80, -79, -78]","[-69, -69, -69, -69, -69]","[118, 117, 117, 116, 115]"
88847086,3,0,-2,Centered,"[-80, -80, -79, -78, -77]","[-69, -69, -69, -69, -69]","[117, 117, 116, 115, 115]"
88872497,3,0,-3,Centered,"[-80, -79, -78, -77, -77]","[-69, -69, -69, -69, -69]","[117, 116, 115, 115, 114]"
88897703,3,0,-2,Centered,"[-79, -78, -77, -77, -76]","[-69, -69, -69, -69, -69]","[116, 115, 115, 114, 114]"
88924579,2,0,-1,Centered,"[-78, -77, -77, -76, -76]","[-69, -69, -69, -69, -69]","[115, 115, 114, 114, 114]"
88951567,2,0,-2,Centered,"[-77, -77, -76, -76, -75]","[-69, -69, -69, -69, -69]","[115, 114, 114, 114, 113]"
88999587,4,0,-2,Centered,"[-77, -76, -76, -75, -73]","[-69, -69, -69, -69, -69]","[114, 114, 114, 113, 112]"
89029389,3,0,-3,Centered,"[-76, -76, -75, -73, -73]","[-69, -69, -69, -69, -69]","[114, 114, 113, 112, 111]"
89059395,4,0,-3,Centered,"[-76, -75, -73, -73, -72]","[-69, -69, -69, -69, -69]","[114, 113, 112, 111, 111]"
89110563,5,0,-4,up,"[-75, -73, -73, -72, -70]","[-69, -69, -69, -69, -69]","[113, 112, 111, 111, 109]"
89144637,3,0,-3,up,"[-73, -73, -72, -70, -70]","[-69, -69, -69, -69, -69]","[112, 111, 111, 109, 109]"
89206413,3,0,-3,up,"[-73, -72, -70, -70, -70]","[-69, -69, -69, -69, -69]","[111, 111, 109, 109, 108]"
89256578,3,0,-3,up,"[-72, -70, -70, -70, -69]","[-69, -69, -69, -69, -69]","[111, 109, 109, 108, 108]"
89308431,2,0,-2,up,"[-70, -70, -70, -69, -68]","[-69, -69, -69, -69, -69]","[109, 109, 108, 108, 107]"
89338404,2,0,-2,up,"[-70, -70, -69, -68, -68]","[-69, -69, -69, -69, -69]","[109, 108, 108, 107, 107]"
89387567,3,0,-2,up,"[-70, -69, -68, -68, -67]","[-69, -69, -69, -69, -69]","[108, 108, 107, 107, 106]"
89412961,2,0,-3,up,"[-69, -68, -68, -67, -67]","[-69, -69, -69, -69, -69]","[108, 107, 107, 106, 105]"
89440107,2,1,-2,up,"[-68, -68, -67, -67, -66]","[-69, -69, -69, -69, -68]","[107, 107, 106, 105, 105]"
89463796,2,1,-3,up,"[-68, -67, -67, -66, -66]","[-69, -69, -69, -68, -68]","[107, 106, 105, 105, 104]"
89489120,2,1,-2,up,"[-67, -67, -66, -66, -65]","[-69, -69, -68, -68, -68]","[106, 105, 105, 104, 104]"
89515558,3,1,-2,up,"[-67, -66, -66, -65, -64]","[-69, -68, -68, -68, -68]","[105, 105, 104, 104, 103]"
89539609,2,0,-2,up,"[-66, -66, -65, -64, -64]","[-68, -68, -68, -68, -68]","[105, 104, 104, 103, 103]"
89607408,3,0,-2,up,"[-66, -65, -64, -64, -63]","[-68, -68, -68, -68, -68]","[104, 104, 103, 103, 102]"
89643419,2,0,-3,up,"[-65, -64, -64, -63, -63]","[-68, -68, -68, -68, -68]","[104, 103, 103, 102, 101]"
89692558,2,0,-2,up,"[-64, -64, -63, -63, -62]","[-68, -68, -68, -68, -68]","[103, 103, 102, 101, 101]"
89726398,2,0,-2,up,"[-64, -63, -63, -62, -62]","[-68, -68, -68, -68, -68]","[103, 102, 101, 101, 101]"
89786586,2,0,-2,up,"[-63, -63, -62, -62, -61]","[-68, -68, -68, -68, -68]","[102, 101, 101, 101, 100]"
89810569,3,0,-2,up,"[-63, -62, -62, -61, -60]","[-68, -68, -68, -68, -68]","[101, 101, 101, 100, 99]"
89840614,2,0,-2,up,"[-62, -62, -61, -60, -60]","[-68, -68, -68, -68, -68]","[101, 101, 100, 99, 99]"
89888565,3,0,-3,up,"[-62, -61, -60, -60, -59]","[-68, -68, -68, -68, -68]","[101, 100, 99, 99, 98]"
89916555,2,0,-2,up,"[-61, -60, -60, -59, -59]","[-68, -68, -68, -68, -68]","[100, 99, 99, 98, 98]"
89940567,2,0,-2,up,"[-60, -60, -59, -59, -58]","[-68, -68, -68, -68, -68]","[99, 99, 98, 98, 97]"
89970438,2,0,-2,up,"[-60, -59, -59, -58, -58]","[-68, -68, -68, -68, -68]","[99, 98, 98, 97, 97]"
90055404,2,1,-2,up,"[-59, -59, -58, -58, -57]","[-68, -68, -68, -68, -67]","[98, 98, 97, 97, 96]"
90166553,3,1,-3,up,"[-59, -58, -58, -57, -56]","[-68, -68, -68, -67, -67]","[98, 97, 97, 96, 95]"
90190567,2,1,-2,up,"[-58, -58, -57, -56, -56]","[-68, -68, -67, -67, -67]","[97, 97, 96, 95, 95]"
90254565,3,1,-3,up,"[-58, -57, -56, -56, -55]","[-68, -67, -67, -67, -67]","[97, 96, 95, 95, 94]"
90276558,3,0,-2,up,"[-57, -56, -56, -55, -54]","[-67, -67, -67, -67, -67]","[96, 95, 95, 94, 94]"
90300554,2,0,-2,up,"[-56, -56, -55, -54, -54]","[-67, -67, -67, -67, -67]","[95, 95, 94, 94, 93]"
90358436,3,0,-2,up,"[-56, -55, -54, -54, -53]","[-67, -67, -67, -67, -67]","[95, 94, 94, 93, 93]"
90465403,3,0,-2,up,"[-55, -54, -54, -53, -52]","[-67, -67, -67, -67, -67]","[94, 94, 93, 93, 92]"
90515592,2,0,-2,up,"[-54, -54, -53, -52, -52]","[-67, -67, -67, -67, -67]","[94, 93, 93, 92, 92]"
90612553,3,0,-2,up,"[-54, -53, -52, -52, -51]","[-67, -67, -67, -67, -67]","[93, 93, 92, 92, 91]"
90646113,2,1,-2,up,"[-53, -52, -52, -51, -51]","[-67, -67, -67, -67, -66]","[93, 92, 92, 91, 91]"
90671855,1,1,-1,up,"[-52, -52, -51, -51, -51]","[-67, -67, -67, -66, -66]","[92, 92, 91, 91, 91]"
90700100,1,1,-1,up,"[-52, -51, -51, -51, -51]","[-67, -67, -66, -66, -66]","[92, 91, 91, 91, 91]"
90724560,1,1,-1,up,"[-51, -51, -51, -51, -50]","[-67, -66, -66, -66, -66]","[91, 91, 91, 91, 90]"
90750555,1,0,-1,up,"[-51, -51, -51, -50, -50]","[-66, -66, -66, -66, -66]","[91, 91, 91, 90, 90]"
90798611,2,0,-2,up,"[-51, -51, -50, -50, -49]","[-66, -66, -66, -66, -66]","[91, 91, 90, 90, 89]"
90828410,3,1,-3,up,"[-51, -50, -50, -49, -48]","[-66, -66, -66, -66, -65]","[91, 90, 90, 89, 88]"
90875384,2,1,-2,up,"[-50, -50, -49, -48, -48]","[-66, -66, -66, -65, -65]","[90, 90, 89, 88, 88]"
90899550,3,1,-3,up,"[-50, -49, -48, -48, -47]","[-66, -66, -65, -65, -65]","[90, 89, 88, 88, 87]"
90953561,3,1,-3,up,"[-49, -48, -48, -47, -46]","[-66, -65, -65, -65, -65]","[89, 88, 88, 87, 86]"
90977568,3,0,-2,up,"[-48, -48, -47, -46, -45]","[-65, -65, -65, -65, -65]","[88, 88, 87, 86, 86]"
91007393,3,0,-2,up,"[-48, -47, -46, -45, -45]","[-65, -65, -65, -65, -65]","[88, 87, 86, 86, 86]"
91047402,3,0,-2,up,"[-47, -46, -45, -45, -44]","[-65, -65, -65, -65, -65]","[87, 86, 86, 86, 85]"
91099629,3,1,-2,up,"[-46, -45, -45, -44, -43]","[-65, -65, -65, -65, -64]","[86, 86, 86, 85, 84]"
91125403,3,1,-3,up,"[-45, -45, -44, -43, -42]","[-65, -65, -65, -64, -64]","[86, 86, 85, 84, 83]"
91175371,4,1,-4,up,"[-45, -44, -43, -42, -41]","[-65, -65, -64, -64, -64]","[86, 85, 84, 83, 82]"
91199561,4,1,-4,up,"[-44, -43, -42, -41, -40]","[-65, -64, -64, -64, -64]","[85, 84, 83, 82, 81]"
91265544,4,0,-3,up,"[-43, -42, -41, -40, -39]","[-64, -64, -64, -64, -64]","[84, 83, 82, 81, 81]"
91290558,4,0,-3,up,"[-42, -41, -40, -39, -38]","[-64, -64, -64, -64, -64]","[83, 82, 81, 81, 80]"
91314555,3,0,-2,up,"[-41, -40, -39, -38, -38]","[-64, -64, -64, -64, -64]","[82, 81, 81, 80, 80]"
91350398,2,0,-1,up,"[-40, -39, -38, -38, -38]","[-64, -64, -64, -64, -64]","[81, 81, 80, 80, 80]"
91430372,2,1,-2,up,"[-39, -38, -38, -38, -37]","[-64, -64, -64, -64, -63]","[81, 80, 80, 80, 79]"
91460382,2,1,-1,up,"[-38, -38, -38, -37, -36]","[-64, -64, -64, -63, -63]","[80, 80, 80, 79, 79]"
91492551,2,1,-1,up,"[-38, -38, -37, -36, -36]","[-64, -64, -63, -63, -63]","[80, 80, 79, 79, 79]"
91561404,2,2,-2,up,"[-38, -37, -36, -36, -36]","[-64, -63, -63, -63, -62]","[80, 79, 79, 79, 78]"
91611394,1,1,-1,up,"[-37, -36, -36, -36, -36]","[-63, -63, -63, -62, -62]","[79, 79, 79, 78, 78]"
91661381,1,1,-1,up,"[-36, -36, -36, -36, -35]","[-63, -63, -62, -62, -62]","[79, 79, 78, 78, 78]"
91710811,2,1,-2,up,"[-36, -36, -36, -35, -34]","[-63, -62, -62, -62, -62]","[79, 78, 78, 78, 77]"
91735752,2,1,-1,up,"[-36, -36, -35, -34, -34]","[-62, -62, -62, -62, -61]","[78, 78, 78, 77, 77]"
91766335,2,1,-1,up,"[-36, -35, -34, -34, -34]","[-62, -62, -62, -61, -61]","[78, 78, 77, 77, 77]"
91791540,2,1,-2,up,"[-35, -34, -34, -34, -33]","[-62, -62, -61, -61, -61]","[78, 77, 77, 77, 76]"
91815553,1,1,-1,up,"[-34, -34, -34, -33, -33]","[-62, -61, -61, -61, -61]","[77, 77, 77, 76, 76]"
91862787,2,0,-2,up,"[-34, -34, -33, -33, -32]","[-61, -61, -61, -61, -61]","[77, 77, 76, 76, 75]"
91905083,2,0,-2,up,"[-34, -33, -33, -32, -32]","[-61, -61, -61, -61, -61]","[77, 76, 76, 75, 75]"
91933538,1,0,-1,up,"[-33, -33, -32, -32, -32]","[-61, -61, -61, -61, -61]","[76, 76, 75, 75, 75]"
91961397,2,0,-2,up,"[-33, -32, -32, -32, -31]","[-61, -61, -61, -61, -61]","[76, 75, 75, 75, 74]"
92019356,2,0,-1,up,"[-32, -32, -32, -31, -30]","[-61, -61, -61, -61, -61]","[75, 75, 75, 74, 74]"
92048738,2,1,-2,up,"[-32, -32, -31, -30, -30]","[-61, -61, -61, -61, -60]","[75, 75, 74, 74, 73]"
92076360,2,1,-2,up,"[-32, -31, -30, -30, -30]","[-61, -61, -61, -60, -60]","[75, 74, 74, 73, 73]"
92104552,2,1,-1,up,"[-31, -30, -30, -30, -29]","[-61, -61, -60, -60, -60]","[74, 74, 73, 73, 73]"
92133369,1,1,-1,up,"[-30, -30, -30, -29, -29]","[-61, -60, -60, -60, -60]","[74, 73, 73, 73, 73]"
92198394,2,0,-1,up,"[-30, -30, -29, -29, -28]","[-60, -60, -60, -60, -60]","[73, 73, 73, 73, 72]"
92248383,2,0,-1,up,"[-30, -29, -29, -28, -28]","[-60, -60, -60, -60, -60]","[73, 73, 73, 72, 72]"
92276548,1,1,-1,up,"[-29, -29, -28, -28, -28]","[-60, -60, -60, -60, -59]","[73, 73, 72, 72, 72]"
92310387,2,1,-2,up,"[-29, -28, -28, -28, -27]","[-60, -60, -60, -59, -59]","[73, 72, 72, 72, 71]"
92364559,1,1,-1,up,"[-28, -28, -28, -27, -27]","[-60, -60, -59, -59, -59]","[72, 72, 72, 71, 71]"
92388548,2,1,-1,up,"[-28, -28, -27, -27, -26]","[-60, -59, -59, -59, -59]","[72, 72, 71, 71, 71]"
92412539,2,0,-2,up,"[-28, -27, -27, -26, -26]","[-59, -59, -59, -59, -59]","[72, 71, 71, 71, 70]"
92466547,2,1,-1,up,"[-27, -27, -26, -26, -25]","[-59, -59, -59, -59, -58]","[71, 71, 71, 70, 70]"
92500543,2,1,-1,up,"[-27, -26, -26, -25, -25]","[-59, -59, -59, -58, -58]","[71, 71, 70, 70, 70]"
92528357,1,1,-2,up,"[-26, -26, -25, -25, -25]","[-59, -59, -58, -58, -58]","[71, 70, 70, 70, 69]"
92558379,2,1,-1,up,"[-26, -25, -25, -25, -24]","[-59, -58, -58, -58, -58]","[70, 70, 70, 69, 69]"
92634395,1,1,-1,up,"[-25, -25, -25, -24, -24]","[-58, -58, -58, -58, -57]","[70, 70, 69, 69, 69]"
92686550,2,1,-2,up,"[-25, -25, -24, -24, -23]","[-58, -58, -58, -57, -57]","[70, 69, 69, 69, 68]"
92710541,2,1,-1,up,"[-25, -24, -24, -23, -23]","[-58, -58, -57, -57, -57]","[69, 69, 69, 68, 68]"
92759541,1,1,-1,up,"[-24, -24, -23, -23, -23]","[-58, -57, -57, -57, -57]","[69, 69, 68, 68, 68]"
92786084,2,0,-1,up,"[-24, -23, -23, -23, -22]","[-57, -57, -57, -57, -57]","[69, 68, 68, 68, 68]"
92809569,1,1,-1,up,"[-23, -23, -23, -22, -22]","[-57, -57, -57, -57, -56]","[68, 68, 68, 68, 67]"
92869379,1,1,-1,up,"[-23, -23, -22, -22, -22]","[-57, -57, -57, -56, -56]","[68, 68, 68, 67, 67]"
92947537,2,1,-1,up,"[-23, -22, -22, -22, -21]","[-57, -57, -56, -56, -56]","[68, 68, 67, 67, 67]"
92971545,1,1,-1,up,"[-22, -22, -22, -21, -21]","[-57, -56, -56, -56, -56]","[68, 67, 67, 67, 67]"
92995542,2,1,-1,up,"[-22, -22, -21, -21, -20]","[-56, -56, -56, -56, -55]","[67, 67, 67, 67, 66]"
93025726,2,1,-1,up,"[-22, -21, -21, -20, -20]","[-56, -56, -56, -55, -55]","[67, 67, 67, 66, 66]"
93121536,1,1,-1,up,"[-21, -21, -20, -20, -20]","[-56, -56, -55, -55, -55]","[67, 67, 66, 66, 66]"
93149532,2,1,-2,up,"[-21, -20, -20, -20, -19]","[-56, -55, -55, -55, -55]","[67, 66, 66, 66, 65]"
93173538,1,0,-1,up,"[-20, -20, -20, -19, -19]","[-55, -55, -55, -55, -55]","[66, 66, 66, 65, 65]"
93227378,2,1,-1,up,"[-20, -20, -19, -19, -18]","[-55, -55, -55, -55, -54]","[66, 66, 65, 65, 65]"
93267387,2,1,-1,up,"[-20, -19, -19, -18, -18]","[-55, -55, -55, -54, -54]","[66, 65, 65, 65, 65]"
93297384,1,1,-1,up,"[-19, -19, -18, -18, -18]","[-55, -55, -54, -54, -54]","[65, 65, 65, 65, 64]"
93343725,1,1,-1,up,"[-19, -18, -18, -18, -18]","[-55, -54, -54, -54, -54]","[65, 65, 65, 64, 64]"
93393540,1,0,-1,up,"[-18, -18, -18, -18, -17]","[-54, -54, -54, -54, -54]","[65, 65, 64, 64, 64]"
93417535,1,1,-1,up,"[-18, -18, -18, -17, -17]","[-54, -54, -54, -54, -53]","[65, 64, 64, 64, 64]"
93447354,1,1,0,up,"[-18, -18, -17, -17, -17]","[-54, -54, -54, -53, -53]","[64, 64, 64, 64, 64]"
93501378,2,1,-1,up,"[-18, -17, -17, -17, -16]","[-54, -54, -53, -53, -53]","[64, 64, 64, 64, 63]"
93531543,1,1,-1,up,"[-17, -17, -17, -16, -16]","[-54, -53, -53, -53, -53]","[64, 64, 64, 63, 63]"
93559379,1,1,-1,up,"[-17, -17, -16, -16, -16]","[-53, -53, -53, -53, -52]","[64, 64, 63, 63, 63]"
93639362,2,1,-1,up,"[-17, -16, -16, -16, -15]","[-53, -53, -53, -52, -52]","[64, 63, 63, 63, 63]"
93689379,1,1,-1,up,"[-16, -16, -16, -15, -15]","[-53, -53, -52, -52, -52]","[63, 63, 63, 63, 62]"
93719378,2,1,-1,up,"[-16, -16, -15, -15, -14]","[-53, -52, -52, -52, -52]","[63, 63, 63, 62, 62]"
93797044,2,1,-1,up,"[-16, -15, -15, -14, -14]","[-52, -52, -52, -52, -51]","[63, 63, 62, 62, 62]"
93822394,1,1,-1,up,"[-15, -15, -14, -14, -14]","[-52, -52, -52, -51, -51]","[63, 62, 62, 62, 62]"
93847931,2,1,0,up,"[-15, -14, -14, -14, -13]","[-52, -52, -51, -51, -51]","[62, 62, 62, 62, 62]"
93875383,1,1,0,up,"[-14, -14, -14, -13, -13]","[-52, -51, -51, -51, -51]","[62, 62, 62, 62, 62]"
93903523,1,0,-1,up,"[-14, -14, -13, -13, -13]","[-51, -51, -51, -51, -51]","[62, 62, 62, 62, 61]"
93927747,1,1,-1,up,"[-14, -13, -13, -13, -13]","[-51, -51, -51, -51, -50]","[62, 62, 62, 61, 61]"
93983931,1,1,-1,up,"[-13, -13, -13, -13, -12]","[-51, -51, -51, -50, -50]","[62, 62, 61, 61, 61]"
94010540,1,1,-1,up,"[-13, -13, -13, -12, -12]","[-51, -51, -50, -50, -50]","[62, 61, 61, 61, 61]"
94034534,1,1,0,up,"[-13, -13, -12, -12, -12]","[-51, -50, -50, -50, -50]","[61, 61, 61, 61, 61]"
94092539,2,1,-1,up,"[-13, -12, -12, -12, -11]","[-50, -50, -50, -50, -49]","[61, 61, 61, 61, 60]"
94117770,1,1,-1,up,"[-12, -12, -12, -11, -11]","[-50, -50, -50, -49, -49]","[61, 61, 61, 60, 60]"
94147532,1,1,-1,up,"[-12, -12, -11, -11, -11]","[-50, -50, -49, -49, -49]","[61, 61, 60, 60, 60]"
94179354,2,1,-1,up,"[-12, -11, -11, -11, -10]","[-50, -49, -49, -49, -49]","[61, 60, 60, 60, 60]"
94237380,1,1,0,up,"[-11, -11, -11, -10, -10]","[-49, -49, -49, -49, -48]","[60, 60, 60, 60, 60]"
94266581,1,1,-1,up,"[-11, -11, -10, -10, -10]","[-49, -49, -49, -48, -48]","[60, 60, 60, 60, 59]"
94430097,2,1,-1,up,"[-11, -10, -10, -10, -9]","[-49, -49, -48, -48, -48]","[60, 60, 60, 59, 59]"
94455733,1,1,-1,up,"[-10, -10, -10, -9, -9]","[-49, -48, -48, -48, -48]","[60, 60, 59, 59, 59]"
94481071,1,1,-1,up,"[-10, -10, -9, -9, -9]","[-48, -48, -48, -48, -47]","[60, 59, 59, 59, 59]"
94506447,1,1,0,up,"[-10, -9, -9, -9, -9]","[-48, -48, -48, -47, -47]","[59, 59, 59, 59, 59]"
94536805,1,1,0,up,"[-9, -9, -9, -9, -8]","[-48, -48, -47, -47, -47]","[59, 59, 59, 59, 59]"
94557534,1,1,0,up,"[-9, -9, -9, -8, -8]","[-48, -47, -47, -47, -47]","[59, 59, 59, 59, 59]"
94587708,1,0,-1,up,"[-9, -9, -8, -8, -8]","[-47, -47, -47, -47, -47]","[59, 59, 59, 59, 58]"
94635535,1,1,-1,up,"[-9, -8, -8, -8, -8]","[-47, -47, -47, -47, -46]","[59, 59, 59, 58, 58]"
94659530,1,1,-1,up,"[-8, -8, -8, -8, -7]","[-47, -47, -47, -46, -46]","[59, 59, 58, 58, 58]"
94689529,1,1,-1,up,"[-8, -8, -8, -7, -7]","[-47, -47, -46, -46, -46]","[59, 58, 58, 58, 58]"
94775370,1,2,0,up,"[-8, -8, -7, -7, -7]","[-47, -46, -46, -46, -45]","[58, 58, 58, 58, 58]"
94825360,2,1,0,up,"[-8, -7, -7, -7, -6]","[-46, -46, -46, -45, -45]","[58, 58, 58, 58, 58]"
94861345,1,1,0,up,"[-7, -7, -7, -6, -6]","[-46, -46, -45, -45, -45]","[58, 58, 58, 58, 58]"
94901376,1,1,-1,up,"[-7, -7, -6, -6, -6]","[-46, -45, -45, -45, -45]","[58, 58, 58, 58, 57]"
94959509,1,1,-1,up,"[-7, -6, -6, -6, -6]","[-45, -45, -45, -45, -44]","[58, 58, 58, 57, 57]"
94984534,1,1,-1,up,"[-6, -6, -6, -6, -5]","[-45, -45, -45, -44, -44]","[58, 58, 57, 57, 57]"
95006371,1,1,-1,up,"[-6, -6, -6, -5, -5]","[-45, -45, -44, -44, -44]","[58, 57, 57, 57, 57]"
95064796,1,2,0,up,"[-6, -6, -5, -5, -5]","[-45, -44, -44, -44, -43]","[57, 57, 57, 57, 57]"
95089348,1,1,0,up,"[-6, -5, -5, -5, -5]","[-44, -44, -44, -43, -43]","[57, 57, 57, 57, 57]"
95114844,1,1,-1,up,"[-5, -5, -5, -5, -4]","[-44, -44, -43, -43, -43]","[57, 57, 57, 57, 56]"
95140061,1,2,-1,up,"[-5, -5, -5, -4, -4]","[-44, -43, -43, -43, -42]","[57, 57, 57, 56, 56]"
95166515,1,1,-1,up,"[-5, -5, -4, -4, -4]","[-43, -43, -43, -42, -42]","[57, 57, 56, 56, 56]"
95190527,1,1,-1,up,"[-5, -4, -4, -4, -4]","[-43, -43, -42, -42, -42]","[57, 56, 56, 56, 56]"
95248335,1,1,0,up,"[-4, -4, -4, -4, -3]","[-43, -42, -42, -42, -42]","[56, 56, 56, 56, 56]"
95284345,1,1,0,up,"[-4, -4, -4, -3, -3]","[-42, -42, -42, -42, -41]","[56, 56, 56, 56, 56]"
95309520,1,1,0,up,"[-4, -4, -3, -3, -3]","[-42, -42, -42, -41, -41]","[56, 56, 56, 56, 56]"
95403357,2,1,-1,up,"[-4, -3, -3, -3, -2]","[-42, -42, -41, -41, -41]","[56, 56, 56, 56, 55]"
95443389,1,2,-1,up,"[-3, -3, -3, -2, -2]","[-42, -41, -41, -41, -40]","[56, 56, 56, 55, 55]"
95483373,1,1,-1,up,"[-3, -3, -2, -2, -2]","[-41, -41, -41, -40, -40]","[56, 56, 55, 55, 55]"
95515510,1,1,-1,up,"[-3, -2, -2, -2, -2]","[-41, -41, -40, -40, -40]","[56, 55, 55, 55, 55]"
95567513,1,1,0,up,"[-2, -2, -2, -2, -1]","[-41, -40, -40, -40, -40]","[55, 55, 55, 55, 55]"
95591523,1,1,0,up,"[-2, -2, -2, -1, -1]","[-40, -40, -40, -40, -39]","[55, 55, 55, 55, 55]"
95615517,1,1,0,up,"[-2, -2, -1, -1, -1]","[-40, -40, -40, -39, -39]","[55, 55, 55, 55, 55]"
95639529,2,1,0,up,"[-2, -1, -1, -1, 0]","[-40, -40, -39, -39, -39]","[55, 55, 55, 55, 55]"
95690522,1,2,0,up,"[-1, -1, -1, 0, 0]","[-40, -39, -39, -39, -38]","[55, 55, 55, 55, 55]"
95732340,1,1,0,up,"[-1, -1, 0, 0, 0]","[-39, -39, -39, -38, -38]","[55, 55, 55, 55, 55]"
95768351,1,1,0,up,"[-1, 0, 0, 0, 0]","[-39, -39, -38, -38, -38]","[55, 55, 55, 55, 55]"
95792518,0,1,0,up,"[0, 0, 0, 0, 0]","[-39, -38, -38, -38, -38]","[55, 55, 55, 55, 55]"
95864331,0,1,-1,up,"[0, 0, 0, 0, 0]","[-38, -38, -38, -38, -37]","[55, 55, 55, 55, 54]"
95894328,0,1,-1,up,"[0, 0, 0, 0, 0]","[-38, -38, -38, -37, -37]","[55, 55, 55, 54, 54]"
95920330,0,1,-1,up,"[0, 0, 0, 0, 0]","[-38, -38, -37, -37, -37]","[55, 55, 54, 54, 54]"
95980348,1,1,-1,up,"[0, 0, 0, 0, 1]","[-38, -37, -37, -37, -37]","[55, 54, 54, 54, 54]"
96030365,1,1,0,up,"[0, 0, 0, 1, 1]","[-37, -37, -37, -37, -36]","[54, 54, 54, 54, 54]"
96052715,1,1,0,up,"[0, 0, 1, 1, 1]","[-37, -37, -37, -36, -36]","[54, 54, 54, 54, 54]"
96083882,1,1,0,up,"[0, 1, 1, 1, 1]","[-37, -37, -36, -36, -36]","[54, 54, 54, 54, 54]"
96167514,0,2,0,up,"[1, 1, 1, 1, 1]","[-37, -36, -36, -36, -35]","[54, 54, 54, 54, 54]"
96191526,1,1,0,up,"[1, 1, 1, 1, 2]","[-36, -36, -36, -35, -35]","[54, 54, 54, 54, 54]"
96216519,1,1,0,up,"[1, 1, 1, 2, 2]","[-36, -36, -35, -35, -35]","[54, 54, 54, 54, 54]"
96264755,1,2,0,up,"[1, 1, 2, 2, 2]","[-36, -35, -35, -35, -34]","[54, 54, 54, 54, 54]"
96294337,1,1,0,up,"[1, 2, 2, 2, 2]","[-35, -35, -35, -34, -34]","[54, 54, 54, 54, 54]"
96344358,1,1,0,up,"[2, 2, 2, 2, 3]","[-35, -35, -34, -34, -34]","[54, 54, 54, 54, 54]"
96415522,1,2,-1,up,"[2, 2, 2, 3, 3]","[-35, -34, -34, -34, -33]","[54, 54, 54, 54, 53]"
96457341,1,1,-1,up,"[2, 2, 3, 3, 3]","[-34, -34, -34, -33, -33]","[54, 54, 54, 53, 53]"
96484519,2,1,-1,up,"[2, 3, 3, 3, 4]","[-34, -34, -33, -33, -33]","[54, 54, 53, 53, 53]"
96624379,1,1,-1,up,"[3, 3, 3, 4, 4]","[-34, -33, -33, -33, -33]","[54, 53, 53, 53, 53]"
96684408,1,1,0,up,"[3, 3, 4, 4, 4]","[-33, -33, -33, -33, -32]","[53, 53, 53, 53, 53]"
96714348,1,1,0,up,"[3, 4, 4, 4, 4]","[-33, -33, -33, -32, -32]","[53, 53, 53, 53, 53]"
96931561,1,2,0,up,"[4, 4, 4, 4, 5]","[-33, -33, -32, -32, -31]","[53, 53, 53, 53, 53]"
96988602,1,2,0,up,"[4, 4, 4, 5, 5]","[-33, -32, -32, -31, -31]","[53, 53, 53, 53, 53]"
97015318,1,1,0,up,"[4, 4, 5, 5, 5]","[-32, -32, -31, -31, -31]","[53, 53, 53, 53, 53]"
97040442,1,1,0,up,"[4, 5, 5, 5, 5]","[-32, -31, -31, -31, -31]","[53, 53, 53, 53, 53]"
97065874,0,1,0,up,"[5, 5, 5, 5, 5]","[-31, -31, -31, -31, -30]","[53, 53, 53, 53, 53]"
97091048,0,1,0,up,"[5, 5, 5, 5, 5]","[-31, -31, -31, -30, -30]","[53, 53, 53, 53, 53]"
97116505,1,1,0,up,"[5, 5, 5, 5, 6]","[-31, -31, -30, -30, -30]","[53, 53, 53, 53, 53]"
97141862,1,2,0,up,"[5, 5, 5, 6, 6]","[-31, -30, -30, -30, -29]","[53, 53, 53, 53, 53]"
97167347,1,1,0,up,"[5, 5, 6, 6, 6]","[-30, -30, -30, -29, -29]","[53, 53, 53, 53, 53]"
97196495,1,1,0,up,"[5, 6, 6, 6, 6]","[-30, -30, -29, -29, -29]","[53, 53, 53, 53, 53]"
97220513,0,1,0,up,"[6, 6, 6, 6, 6]","[-30, -29, -29, -29, -29]","[53, 53, 53, 53, 53]"
97276910,0,1,0,up,"[6, 6, 6, 6, 6]","[-29, -29, -29, -29, -28]","[53, 53, 53, 53, 53]"
97302512,1,1,0,up,"[6, 6, 6, 6, 7]","[-29, -29, -29, -28, -28]","[53, 53, 53, 53, 53]"
97327822,1,2,0,up,"[6, 6, 6, 7, 7]","[-29, -29, -28, -28, -27]","[53, 53, 53, 53, 53]"
97355339,1,2,0,up,"[6, 6, 7, 7, 7]","[-29, -28, -28, -27, -27]","[53, 53, 53, 53, 53]"
97385312,1,1,0,up,"[6, 7, 7, 7, 7]","[-28, -28, -27, -27, -27]","[53, 53, 53, 53, 53]"
97415311,0,1,0,up,"[7, 7, 7, 7, 7]","[-28, -27, -27, -27, -27]","[53, 53, 53, 53, 53]"
97473502,0,1,-1,up,"[7, 7, 7, 7, 7]","[-27, -27, -27, -27, -26]","[53, 53, 53, 53, 52]"
97497513,1,1,-1,up,"[7, 7, 7, 7, 8]","[-27, -27, -27, -26, -26]","[53, 53, 53, 52, 52]"
97525698,1,2,-1,up,"[7, 7, 7, 8, 8]","[-27, -27, -26, -26, -25]","[53, 53, 52, 52, 52]"
97605333,1,2,-1,up,"[7, 7, 8, 8, 8]","[-27, -26, -26, -25, -25]","[53, 52, 52, 52, 52]"
97653314,1,2,0,up,"[7, 8, 8, 8, 8]","[-26, -26, -25, -25, -24]","[52, 52, 52, 52, 52]"
97682694,0,2,0,up,"[8, 8, 8, 8, 8]","[-26, -25, -25, -24, -24]","[52, 52, 52, 52, 52]"
97708115,0,1,0,up,"[8, 8, 8, 8, 8]","[-25, -25, -24, -24, -24]","[52, 52, 52, 52, 52]"
97733410,0,1,0,up,"[8, 8, 8, 8, 8]","[-25, -24, -24, -24, -24]","[52, 52, 52, 52, 52]"
97758683,1,1,0,up,"[8, 8, 8, 8, 9]","[-24, -24, -24, -24, -23]","[52, 52, 52, 52, 52]"
97787495,1,1,0,up,"[8, 8, 8, 9, 9]","[-24, -24, -24, -23, -23]","[52, 52, 52, 52, 52]"
97811504,1,1,0,up,"[8, 8, 9, 9, 9]","[-24, -24, -23, -23, -23]","[52, 52, 52, 52, 52]"
97871502,1,2,0,up,"[8, 9, 9, 9, 9]","[-24, -23, -23, -23, -22]","[52, 52, 52, 52, 52]"
97895496,0,1,0,up,"[9, 9, 9, 9, 9]","[-23, -23, -23, -22, -22]","[52, 52, 52, 52, 52]"
97919506,1,1,0,up,"[9, 9, 9, 9, 10]","[-23, -23, -22, -22, -22]","[52, 52, 52, 52, 52]"
97979331,1,2,0,up,"[9, 9, 9, 10, 10]","[-23, -22, -22, -22, -21]","[52, 52, 52, 52, 52]"
98009328,1,1,0,up,"[9, 9, 10, 10, 10]","[-22, -22, -22, -21, -21]","[52, 52, 52, 52, 52]"
98039496,1,2,0,up,"[9, 10, 10, 10, 10]","[-22, -22, -21, -21, -20]","[52, 52, 52, 52, 52]"
98101310,0,2,0,up,"[10, 10, 10, 10, 10]","[-22, -21, -21, -20, -20]","[52, 52, 52, 52, 52]"
98131351,1,2,0,up,"[10, 10, 10, 10, 11]","[-21, -21, -20, -20, -19]","[52, 52, 52, 52, 52]"
98161330,1,2,0,up,"[10, 10, 10, 11, 11]","[-21, -20, -20, -19, -19]","[52, 52, 52, 52, 52]"
98259351,1,1,0,up,"[10, 10, 11, 11, 11]","[-20, -20, -19, -19, -19]","[52, 52, 52, 52, 52]"
98309337,1,2,0,up,"[10, 11, 11, 11, 11]","[-20, -19, -19, -19, -18]","[52, 52, 52, 52, 52]"
98339336,0,1,0,up,"[11, 11, 11, 11, 11]","[-19, -19, -19, -18, -18]","[52, 52, 52, 52, 52]"
98417641,1,2,0,up,"[11, 11, 11, 11, 12]","[-19, -19, -18, -18, -17]","[52, 52, 52, 52, 52]"
98444496,1,2,0,up,"[11, 11, 11, 12, 12]","[-19, -18, -18, -17, -17]","[52, 52, 52, 52, 52]"
98468489,1,1,0,up,"[11, 11, 12, 12, 12]","[-18, -18, -17, -17, -17]","[52, 52, 52, 52, 52]"
98522500,1,2,0,up,"[11, 12, 12, 12, 12]","[-18, -17, -17, -17, -16]","[52, 52, 52, 52, 52]"
98550353,0,1,0,up,"[12, 12, 12, 12, 12]","[-17, -17, -17, -16, -16]","[52, 52, 52, 52, 52]"
98580341,0,1,0,up,"[12, 12, 12, 12, 12]","[-17, -17, -16, -16, -16]","[52, 52, 52, 52, 52]"
98839718,1,2,0,up,"[12, 12, 12, 12, 13]","[-17, -16, -16, -16, -15]","[52, 52, 52, 52, 52]"
98865161,1,1,0,up,"[12, 12, 12, 13, 13]","[-16, -16, -16, -15, -15]","[52, 52, 52, 52, 52]"
98890301,1,2,0,up,"[12, 12, 13, 13, 13]","[-16, -16, -15, -15, -14]","[52, 52, 52, 52, 52]"
98915675,1,2,0,up,"[12, 13, 13, 13, 13]","[-16, -15, -15, -14, -14]","[52, 52, 52, 52, 52]"
98945498,0,1,0,up,"[13, 13, 13, 13, 13]","[-15, -15, -14, -14, -14]","[52, 52, 52, 52, 52]"
98969492,0,1,0,up,"[13, 13, 13, 13, 13]","[-15, -14, -14, -14, -14]","[52, 52, 52, 52, 52]"
99030494,1,1,0,up,"[13, 13, 13, 13, 14]","[-14, -14, -14, -14, -13]","[52, 52, 52, 52, 52]"
99056318,1,1,0,up,"[13, 13, 13, 14, 14]","[-14, -14, -14, -13, -13]","[52, 52, 52, 52, 52]"
99089486,1,2,0,up,"[13, 13, 14, 14, 14]","[-14, -14, -13, -13, -12]","[52, 52, 52, 52, 52]"
99137492,1,2,0,up,"[13, 14, 14, 14, 14]","[-14, -13, -13, -12, -12]","[52, 52, 52, 52, 52]"
99161496,0,2,0,up,"[14, 14, 14, 14, 14]","[-13, -13, -12, -12, -11]","[52, 52, 52, 52, 52]"
99191501,0,2,0,up,"[14, 14, 14, 14, 14]","[-13, -12, -12, -11, -11]","[52, 52, 52, 52, 52]"
99216547,1,1,0,up,"[14, 14, 14, 14, 15]","[-12, -12, -11, -11, -11]","[52, 52, 52, 52, 52]"
99325588,1,2,0,up,"[14, 14, 14, 15, 15]","[-12, -11, -11, -11, -10]","[52, 52, 52, 52, 52]"
99347482,1,1,0,up,"[14, 14, 15, 15, 15]","[-11, -11, -11, -10, -10]","[52, 52, 52, 52, 52]"
99377480,1,1,0,up,"[14, 15, 15, 15, 15]","[-11, -11, -10, -10, -10]","[52, 52, 52, 52, 52]"
99463317,0,2,0,up,"[15, 15, 15, 15, 15]","[-11, -10, -10, -10, -9]","[52, 52, 52, 52, 52]"
99508134,0,1,0,up,"[15, 15, 15, 15, 15]","[-10, -10, -10, -9, -9]","[52, 52, 52, 52, 52]"
99532327,1,2,1,up,"[15, 15, 15, 15, 16]","[-10, -10, -9, -9, -8]","[52, 52, 52, 52, 53]"
99558053,1,2,1,up,"[15, 15, 15, 16, 16]","[-10, -9, -9, -8, -8]","[52, 52, 52, 53, 53]"
99587288,1,1,1,up,"[15, 15, 16, 16, 16]","[-9, -9, -8, -8, -8]","[52, 52, 53, 53, 53]"
99611486,1,1,1,up,"[15, 16, 16, 16, 16]","[-9, -8, -8, -8, -8]","[52, 53, 53, 53, 53]"
99639548,0,1,0,up,"[16, 16, 16, 16, 16]","[-8, -8, -8, -8, -7]","[53, 53, 53, 53, 53]"
99689270,0,1,0,up,"[16, 16, 16, 16, 16]","[-8, -8, -8, -7, -7]","[53, 53, 53, 53, 53]"
99718480,0,1,0,up,"[16, 16, 16, 16, 16]","[-8, -8, -7, -7, -7]","[53, 53, 53, 53, 53]"
99743495,0,2,0,up,"[16, 16, 16, 16, 16]","[-8, -7, -7, -7, -6]","[53, 53, 53, 53, 53]"
99797489,1,1,0,up,"[16, 16, 16, 16, 17]","[-7, -7, -7, -6, -6]","[53, 53, 53, 53, 53]"
99819481,1,2,0,up,"[16, 16, 16, 17, 17]","[-7, -7, -6, -6, -5]","[53, 53, 53, 53, 53]"
99853309,1,2,0,up,"[16, 16, 17, 17, 17]","[-7, -6, -6, -5, -5]","[53, 53, 53, 53, 53]"
99891325,0,1,0,up,"[16, 17, 17, 17, 16]","[-6, -6, -5, -5, -5]","[53, 53, 53, 53, 53]"
99971290,-1,2,0,up,"[17, 17, 17, 16, 16]","[-6, -5, -5, -5, -4]","[53, 53, 53, 53, 53]"
100001312,-1,1,0,up,"[17, 17, 16, 16, 16]","[-5, -5, -5, -4, -4]","[53, 53, 53, 53, 53]"
100061316,-1,1,0,up,"[17, 16, 16, 16, 16]","[-5, -5, -4, -4, -4]","[53, 53, 53, 53, 53]"
100095479,0,1,0,up,"[16, 16, 16, 16, 16]","[-5, -4, -4, -4, -4]","[53, 53, 53, 53, 53]"
100143491,0,1,0,up,"[16, 16, 16, 16, 16]","[-4, -4, -4, -4, -3]","[53, 53, 53, 53, 53]"
100175477,0,1,0,up,"[16, 16, 16, 16, 16]","[-4, -4, -4, -3, -3]","[53, 53, 53, 53, 53]"
100205477,-1,1,0,up,"[16, 16, 16, 16, 15]","[-4, -4, -3, -3, -3]","[53, 53, 53, 53, 53]"
100227339,-1,1,0,up,"[16, 16, 16, 15, 15]","[-4, -3, -3, -3, -3]","[53, 53, 53, 53, 53]"
100281497,-1,1,0,up,"[16, 16, 15, 15, 15]","[-3, -3, -3, -3, -2]","[53, 53, 53, 53, 53]"
100305481,-1,1,0,up,"[16, 15, 15, 15, 15]","[-3, -3, -3, -2, -2]","[53, 53, 53, 53, 53]"
100329492,0,1,0,up,"[15, 15, 15, 15, 15]","[-3, -3, -2, -2, -2]","[53, 53, 53, 53, 53]"
100377471,0,1,0,up,"[15, 15, 15, 15, 15]","[-3, -2, -2, -2, -2]","[53, 53, 53, 53, 53]"
100413300,0,0,0,up,"[15, 15, 15, 15, 15]","[-2, -2, -2, -2, -2]","[53, 53, 53, 53, 53]"
100443302,0,0,0,up,"[15, 15, 15, 15, 15]","[-2, -2, -2, -2, -2]","[53, 53, 53, 53, 53]"
100503323,0,0,0,up,"[15, 15, 15, 15, 15]","[-2, -2, -2, -2, -2]","[53, 53, 53, 53, 53]"
100543306,0,0,0,up,"[15, 15, 15, 15, 15]","[-2, -2, -2, -2, -2]","[53, 53, 53, 53, 53]"
100579368,0,0,0,up,"[15, 15, 15, 15, 15]","[-2, -2, -2, -2, -2]","[53, 53, 53, 53, 53]"
100609309,0,0,0,up,"[15, 15, 15, 15, 15]","[-2, -2, -2, -2, -2]","[53, 53, 53, 53, 53]"
100884547,2,0,0,up,"[15, 15, 15, 15, 17]","[-2, -2, -2, -2, -2]","[53, 53, 53, 53, 53]"
100914329,5,0,0,up,"[15, 15, 15, 17, 20]","[-2, -2, -2, -2, -2]","[53, 53, 53, 53, 53]"
100965482,9,0,0,up,"[15, 15, 17, 20, 24]","[-2, -2, -2, -2, -2]","[53, 53, 53, 53, 53]"
101013476,15,0,-2,up,"[15, 17, 20, 24, 30]","[-2, -2, -2, -2, -2]","[53, 53, 53, 53, 51]"
101037471,15,0,-3,up,"[17, 20, 24, 30, 32]","[-2, -2, -2, -2, -2]","[53, 53, 53, 51, 50]"
101061484,14,-1,-4,up,"[20, 24, 30, 32, 34]","[-2, -2, -2, -2, -3]","[53, 53, 51, 50, 49]"
101091482,12,-1,-4,up,"[24, 30, 32, 34, 36]","[-2, -2, -2, -3, -3]","[53, 51, 50, 49, 49]"
101139485,9,-1,-4,up,"[30, 32, 34, 36, 39]","[-2, -2, -3, -3, -3]","[51, 50, 49, 49, 47]"
101163478,7,-1,-3,up,"[32, 34, 36, 39, 39]","[-2, -3, -3, -3, -3]","[50, 49, 49, 47, 47]"
101193476,6,0,-2,up,"[34, 36, 39, 39, 40]","[-3, -3, -3, -3, -3]","[49, 49, 47, 47, 47]"
101219299,4,0,-2,up,"[36, 39, 39, 40, 40]","[-3, -3, -3, -3, -3]","[49, 47, 47, 47, 47]"
101273489,1,0,1,up,"[39, 39, 40, 40, 40]","[-3, -3, -3, -3, -3]","[47, 47, 47, 47, 48]"
101312286,1,0,1,up,"[39, 40, 40, 40, 40]","[-3, -3, -3, -3, -3]","[47, 47, 47, 48, 48]"
101340478,-1,0,1,up,"[40, 40, 40, 40, 39]","[-3, -3, -3, -3, -3]","[47, 47, 48, 48, 48]"
101398283,-1,0,1,up,"[40, 40, 40, 39, 39]","[-3, -3, -3, -3, -3]","[47, 48, 48, 48, 48]"
101428281,-1,0,0,up,"[40, 40, 39, 39, 39]","[-3, -3, -3, -3, -3]","[48, 48, 48, 48, 48]"
101458280,-2,0,0,up,"[40, 39, 39, 39, 38]","[-3, -3, -3, -3, -3]","[48, 48, 48, 48, 48]"
101527671,-1,0,0,up,"[39, 39, 39, 38, 38]","[-3, -3, -3, -3, -3]","[48, 48, 48, 48, 48]"
101555292,-2,0,0,up,"[39, 39, 38, 38, 37]","[-3, -3, -3, -3, -3]","[48, 48, 48, 48, 48]"
101579479,-2,0,0,up,"[39, 38, 38, 37, 37]","[-3, -3, -3, -3, -3]","[48, 48, 48, 48, 48]"
101603498,-1,0,0,up,"[38, 38, 37, 37, 37]","[-3, -3, -3, -3, -3]","[48, 48, 48, 48, 48]"
101659348,-1,0,0,up,"[38, 37, 37, 37, 37]","[-3, -3, -3, -3, -3]","[48, 48, 48, 48, 48]"
101689317,0,0,0,up,"[37, 37, 37, 37, 37]","[-3, -3, -3, -3, -3]","[48, 48, 48, 48, 48]"
101738308,-1,0,0,up,"[37, 37, 37, 37, 36]","[-3, -3, -3, -3, -3]","[48, 48, 48, 48, 48]"
101822468,-1,-1,0,up,"[37, 37, 37, 36, 36]","[-3, -3, -3, -3, -4]","[48, 48, 48, 48, 48]"
101852467,-1,-1,0,up,"[37, 37, 36, 36, 36]","[-3, -3, -3, -4, -4]","[48, 48, 48, 48, 48]"
101876475,-1,-1,0,up,"[37, 36, 36, 36, 36]","[-3, -3, -4, -4, -4]","[48, 48, 48, 48, 48]"
101924484,0,-1,1,up,"[36, 36, 36, 36, 36]","[-3, -4, -4, -4, -4]","[48, 48, 48, 48, 49]"
101948475,-1,0,1,up,"[36, 36, 36, 36, 35]","[-4, -4, -4, -4, -4]","[48, 48, 48, 49, 49]"
101980300,-1,0,1,up,"[36, 36, 36, 35, 35]","[-4, -4, -4, -4, -4]","[48, 48, 49, 49, 49]"
102058460,-1,0,1,up,"[36, 36, 35, 35, 35]","[-4, -4, -4, -4, -4]","[48, 49, 49, 49, 49]"
102086341,-1,0,0,up,"[36, 35, 35, 35, 35]","[-4, -4, -4, -4, -4]","[49, 49, 49, 49, 49]"
102126294,-1,0,0,up,"[35, 35, 35, 35, 34]","[-4, -4, -4, -4, -4]","[49, 49, 49, 49, 49]"
102223313,-1,0,0,up,"[35, 35, 35, 34, 34]","[-4, -4, -4, -4, -4]","[49, 49, 49, 49, 49]"
102273282,-1,1,0,up,"[35, 35, 34, 34, 34]","[-4, -4, -4, -4, -3]","[49, 49, 49, 49, 49]"
102297471,-1,1,0,up,"[35, 34, 34, 34, 34]","[-4, -4, -4, -3, -3]","[49, 49, 49, 49, 49]"
102351310,-1,1,0,up,"[34, 34, 34, 34, 33]","[-4, -4, -3, -3, -3]","[49, 49, 49, 49, 49]"
102411297,-1,1,0,up,"[34, 34, 34, 33, 33]","[-4, -3, -3, -3, -3]","[49, 49, 49, 49, 49]"
102461315,-1,0,0,up,"[34, 34, 33, 33, 33]","[-3, -3, -3, -3, -3]","[49, 49, 49, 49, 49]"
102511301,-1,0,0,up,"[34, 33, 33, 33, 33]","[-3, -3, -3, -3, -3]","[49, 49, 49, 49, 49]"
102590311,0,0,0,up,"[33, 33, 33, 33, 33]","[-3, -3, -3, -3, -3]","[49, 49, 49, 49, 49]"
102635295,-1,0,0,up,"[33, 33, 33, 33, 32]","[-3, -3, -3, -3, -3]","[49, 49, 49, 49, 49]"
102685313,-1,0,1,up,"[33, 33, 33, 32, 32]","[-3, -3, -3, -3, -3]","[49, 49, 49, 49, 50]"
102737468,-1,0,1,up,"[33, 33, 32, 32, 32]","[-3, -3, -3, -3, -3]","[49, 49, 49, 50, 50]"
102759520,-2,0,1,up,"[33, 32, 32, 32, 31]","[-3, -3, -3, -3, -3]","[49, 49, 50, 50, 50]"
102821298,-1,0,1,up,"[32, 32, 32, 31, 31]","[-3, -3, -3, -3, -3]","[49, 50, 50, 50, 50]"
102868561,-1,0,0,up,"[32, 32, 31, 31, 31]","[-3, -3, -3, -3, -3]","[50, 50, 50, 50, 50]"
102923482,-1,0,0,up,"[32, 31, 31, 31, 31]","[-3, -3, -3, -3, -3]","[50, 50, 50, 50, 50]"
102947460,-1,0,0,up,"[31, 31, 31, 31, 30]","[-3, -3, -3, -3, -3]","[50, 50, 50, 50, 50]"
102971474,-1,0,0,up,"[31, 31, 31, 30, 30]","[-3, -3, -3, -3, -3]","[50, 50, 50, 50, 50]"
103025463,-1,0,0,up,"[31, 31, 30, 30, 30]","[-3, -3, -3, -3, -3]","[50, 50, 50, 50, 50]"
103049470,-2,0,0,up,"[31, 30, 30, 30, 29]","[-3, -3, -3, -3, -3]","[50, 50, 50, 50, 50]"
103073466,-1,0,0,up,"[30, 30, 30, 29, 29]","[-3, -3, -3, -3, -3]","[50, 50, 50, 50, 50]"
103124304,-1,0,1,up,"[30, 30, 29, 29, 29]","[-3, -3, -3, -3, -3]","[50, 50, 50, 50, 51]"
103164367,-2,0,1,up,"[30, 29, 29, 29, 28]","[-3, -3, -3, -3, -3]","[50, 50, 50, 51, 51]"
103194309,-1,0,1,up,"[29, 29, 29, 28, 28]","[-3, -3, -3, -3, -3]","[50, 50, 51, 51, 51]"
103244300,-1,0,1,up,"[29, 29, 28, 28, 28]","[-3, -3, -3, -3, -3]","[50, 51, 51, 51, 51]"
103318460,-2,0,0,up,"[29, 28, 28, 28, 27]","[-3, -3, -3, -3, -3]","[51, 51, 51, 51, 51]"
103346264,-1,0,0,up,"[28, 28, 28, 27, 27]","[-3, -3, -3, -3, -3]","[51, 51, 51, 51, 51]"
103370462,-1,0,0,up,"[28, 28, 27, 27, 27]","[-3, -3, -3, -3, -3]","[51, 51, 51, 51, 51]"
103394474,-1,0,0,up,"[28, 27, 27, 27, 27]","[-3, -3, -3, -3, -3]","[51, 51, 51, 51, 51]"
103663459,-2,0,0,up,"[27, 27, 27, 27, 25]","[-3, -3, -3, -3, -3]","[51, 51, 51, 51, 51]"
103693455,-6,1,-1,up,"[27, 27, 27, 25, 21]","[-3, -3, -3, -3, -2]","[51, 51, 51, 51, 50]"
103715458,-9,2,0,up,"[27, 27, 25, 21, 18]","[-3, -3, -3, -2, -1]","[51, 51, 51, 50, 51]"
103739446,-14,3,0,up,"[27, 25, 21, 18, 13]","[-3, -3, -2, -1, 0]","[51, 51, 50, 51, 51]"
103823521,-22,5,1,up,"[25, 21, 18, 13, 3]","[-3, -2, -1, 0, 2]","[51, 50, 51, 51, 52]"
103851443,-22,3,3,up,"[21, 18, 13, 3, -1]","[-2, -1, 0, 2, 1]","[50, 51, 51, 52, 53]"
103875455,-23,3,3,up,"[18, 13, 3, -1, -5]","[-1, 0, 2, 1, 2]","[51, 51, 52, 53, 54]"
103899447,-21,3,3,up,"[13, 3, -1, -5, -8]","[0, 2, 1, 2, 3]","[51, 52, 53, 54, 54]"
103961305,-16,3,2,up,"[3, -1, -5, -8, -13]","[2, 1, 2, 3, 5]","[52, 53, 54, 54, 54]"
104190305,-13,3,1,up,"[-1, -5, -8, -13, -14]","[1, 2, 3, 5, 4]","[53, 54, 54, 54, 54]"
104224447,-9,2,0,up,"[-5, -8, -13, -14, -14]","[2, 3, 5, 4, 4]","[54, 54, 54, 54, 54]"
104256654,-5,1,0,up,"[-8, -13, -14, -14, -13]","[3, 5, 4, 4, 4]","[54, 54, 54, 54, 54]"
104314274,0,-1,0,Centered,"[-13, -14, -14, -13, -13]","[5, 4, 4, 4, 4]","[54, 54, 54, 54, 54]"
104344272,2,0,0,Centered,"[-14, -14, -13, -13, -12]","[4, 4, 4, 4, 4]","[54, 54, 54, 54, 54]"
104374290,2,0,0,Centered,"[-14, -13, -13, -12, -12]","[4, 4, 4, 4, 4]","[54, 54, 54, 54, 54]"
104404292,2,0,0,Centered,"[-13, -13, -12, -12, -11]","[4, 4, 4, 4, 4]","[54, 54, 54, 54, 54]"
104470452,3,0,0,Centered,"[-13, -12, -12, -11, -10]","[4, 4, 4, 4, 4]","[54, 54, 54, 54, 54]"
104495452,2,0,0,Centered,"[-12, -12, -11, -10, -10]","[4, 4, 4, 4, 4]","[54, 54, 54, 54, 54]"
104519460,3,0,0,Centered,"[-12, -11, -10, -10, -9]","[4, 4, 4, 4, 4]","[54, 54, 54, 54, 54]"
104547326,2,0,0,Centered,"[-11, -10, -10, -9, -9]","[4, 4, 4, 4, 4]","[54, 54, 54, 54, 54]"
104698452,2,0,0,Centered,"[-10, -10, -9, -9, -8]","[4, 4, 4, 4, 4]","[54, 54, 54, 54, 54]"
104723632,3,0,0,Centered,"[-10, -9, -9, -8, -7]","[4, 4, 4, 4, 4]","[54, 54, 54, 54, 54]"
104747461,2,0,0,Centered,"[-9, -9, -8, -7, -7]","[4, 4, 4, 4, 4]","[54, 54, 54, 54, 54]"
104771451,2,0,0,Centered,"[-9, -8, -7, -7, -7]","[4, 4, 4, 4, 4]","[54, 54, 54, 54, 54]"
104825459,2,0,0,Centered,"[-8, -7, -7, -7, -6]","[4, 4, 4, 4, 4]","[54, 54, 54, 54, 54]"
104849442,1,0,0,Centered,"[-7, -7, -7, -6, -6]","[4, 4, 4, 4, 4]","[54, 54, 54, 54, 54]"
104873439,2,0,0,Centered,"[-7, -7, -6, -6, -5]","[4, 4, 4, 4, 4]","[54, 54, 54, 54, 54]"
104897447,2,0,1,Centered,"[-7, -6, -6, -5, -5]","[4, 4, 4, 4, 4]","[54, 54, 54, 54, 55]"
104955439,2,0,1,Centered,"[-6, -6, -5, -5, -4]","[4, 4, 4, 4, 4]","[54, 54, 54, 55, 55]"
104991294,2,0,1,Centered,"[-6, -5, -5, -4, -4]","[4, 4, 4, 4, 4]","[54, 54, 55, 55, 55]"
105039275,1,0,1,Centered,"[-5, -5, -4, -4, -4]","[4, 4, 4, 4, 4]","[54, 55, 55, 55, 55]"
105103450,2,0,0,Centered,"[-5, -4, -4, -4, -3]","[4, 4, 4, 4, 4]","[55, 55, 55, 55, 55]"
105127436,1,0,0,Centered,"[-4, -4, -4, -3, -3]","[4, 4, 4, 4, 4]","[55, 55, 55, 55, 55]"
105151446,2,0,0,Centered,"[-4, -4, -3, -3, -2]","[4, 4, 4, 4, 4]","[55, 55, 55, 55, 55]"
105175440,2,-1,0,Centered,"[-4, -3, -3, -2, -2]","[4, 4, 4, 4, 3]","[55, 55, 55, 55, 55]"
105229450,2,-1,0,Centered,"[-3, -3, -2, -2, -1]","[4, 4, 4, 3, 3]","[55, 55, 55, 55, 55]"
105253442,2,-1,1,Centered,"[-3, -2, -2, -1, -1]","[4, 4, 3, 3, 3]","[55, 55, 55, 55, 56]"
105277451,1,-1,1,Centered,"[-2, -2, -1, -1, -1]","[4, 3, 3, 3, 3]","[55, 55, 55, 56, 56]"
105307450,2,0,1,Centered,"[-2, -1, -1, -1, 0]","[3, 3, 3, 3, 3]","[55, 55, 56, 56, 56]"
105509295,1,0,1,Centered,"[-1, -1, -1, 0, 0]","[3, 3, 3, 3, 3]","[55, 56, 56, 56, 56]"
105539271,1,0,0,Centered,"[-1, -1, 0, 0, 0]","[3, 3, 3, 3, 3]","[56, 56, 56, 56, 56]"
105571296,1,0,0,Centered,"[-1, 0, 0, 0, 0]","[3, 3, 3, 3, 3]","[56, 56, 56, 56, 56]"
105601275,1,0,0,Centered,"[0, 0, 0, 0, 1]","[3, 3, 3, 3, 3]","[56, 56, 56, 56, 56]"
105681288,1,0,0,Centered,"[0, 0, 0, 1, 1]","[3, 3, 3, 3, 3]","[56, 56, 56, 56, 56]"
105711266,2,0,0,Centered,"[0, 0, 1, 1, 2]","[3, 3, 3, 3, 3]","[56, 56, 56, 56, 56]"
105735433,2,0,0,Centered,"[0, 1, 1, 2, 2]","[3, 3, 3, 3, 3]","[56, 56, 56, 56, 56]"
105761276,1,0,0,Centered,"[1, 1, 2, 2, 2]","[3, 3, 3, 3, 3]","[56, 56, 56, 56, 56]"
105871292,2,0,0,Centered,"[1, 2, 2, 2, 3]","[3, 3, 3, 3, 3]","[56, 56, 56, 56, 56]"
105901266,1,0,0,Centered,"[2, 2, 2, 3, 3]","[3, 3, 3, 3, 3]","[56, 56, 56, 56, 56]"
105931434,1,0,0,Centered,"[2, 2, 3, 3, 3]","[3, 3, 3, 3, 3]","[56, 56, 56, 56, 56]"
105977433,2,0,1,Centered,"[2, 3, 3, 3, 4]","[3, 3, 3, 3, 3]","[56, 56, 56, 56, 57]"
106007256,1,-1,1,Centered,"[3, 3, 3, 4, 4]","[3, 3, 3, 3, 2]","[56, 56, 56, 57, 57]"
106047308,2,-1,1,Centered,"[3, 3, 4, 4, 5]","[3, 3, 3, 2, 2]","[56, 56, 57, 57, 57]"
106077283,2,-1,1,Centered,"[3, 4, 4, 5, 5]","[3, 3, 2, 2, 2]","[56, 57, 57, 57, 57]"
106153251,2,-1,0,Centered,"[4, 4, 5, 5, 6]","[3, 2, 2, 2, 2]","[57, 57, 57, 57, 57]"
106183268,2,0,0,Centered,"[4, 5, 5, 6, 6]","[2, 2, 2, 2, 2]","[57, 57, 57, 57, 57]"
106223280,1,0,0,Centered,"[5, 5, 6, 6, 6]","[2, 2, 2, 2, 2]","[57, 57, 57, 57, 57]"
106275438,2,0,0,Centered,"[5, 6, 6, 6, 7]","[2, 2, 2, 2, 2]","[57, 57, 57, 57, 57]"
106299448,1,0,0,Centered,"[6, 6, 6, 7, 7]","[2, 2, 2, 2, 2]","[57, 57, 57, 57, 57]"
106329447,1,0,0,Centered,"[6, 6, 7, 7, 7]","[2, 2, 2, 2, 2]","[57, 57, 57, 57, 57]"
106377426,2,0,0,Centered,"[6, 7, 7, 7, 8]","[2, 2, 2, 2, 2]","[57, 57, 57, 57, 57]"
106401444,1,0,0,Centered,"[7, 7, 7, 8, 8]","[2, 2, 2, 2, 2]","[57, 57, 57, 57, 57]"
106425472,2,0,0,Centered,"[7, 7, 8, 8, 9]","[2, 2, 2, 2, 2]","[57, 57, 57, 57, 57]"
106511428,2,0,0,Centered,"[7, 8, 8, 9, 9]","[2, 2, 2, 2, 2]","[57, 57, 57, 57, 57]"
106535441,2,0,0,Centered,"[8, 8, 9, 9, 10]","[2, 2, 2, 2, 2]","[57, 57, 57, 57, 57]"
106565439,2,-1,1,Centered,"[8, 9, 9, 10, 10]","[2, 2, 2, 2, 1]","[57, 57, 57, 57, 58]"
106604287,1,-1,1,Centered,"[9, 9, 10, 10, 10]","[2, 2, 2, 1, 1]","[57, 57, 57, 58, 58]"
106673468,2,-1,1,Centered,"[9, 10, 10, 10, 11]","[2, 2, 1, 1, 1]","[57, 57, 58, 58, 58]"
106725440,1,-1,1,Centered,"[10, 10, 10, 11, 11]","[2, 1, 1, 1, 1]","[57, 58, 58, 58, 58]"
106749432,2,0,0,Centered,"[10, 10, 11, 11, 12]","[1, 1, 1, 1, 1]","[58, 58, 58, 58, 58]"
106773443,2,0,0,Centered,"[10, 11, 11, 12, 12]","[1, 1, 1, 1, 1]","[58, 58, 58, 58, 58]"
106827461,2,0,0,Centered,"[11, 11, 12, 12, 13]","[1, 1, 1, 1, 1]","[58, 58, 58, 58, 58]"
106851420,2,0,0,Centered,"[11, 12, 12, 13, 13]","[1, 1, 1, 1, 1]","[58, 58, 58, 58, 58]"
106875435,1,-1,0,Centered,"[12, 12, 13, 13, 13]","[1, 1, 1, 1, 0]","[58, 58, 58, 58, 58]"
106923439,2,-1,0,Centered,"[12, 13, 13, 13, 14]","[1, 1, 1, 0, 0]","[58, 58, 58, 58, 58]"
106953436,0,-1,0,Centered,"[13, 13, 13, 14, 13]","[1, 1, 0, 0, 0]","[58, 58, 58, 58, 58]"
106977618,1,-1,0,Centered,"[13, 13, 14, 13, 14]","[1, 0, 0, 0, 0]","[58, 58, 58, 58, 58]"
107025431,3,-1,0,Centered,"[13, 14, 13, 14, 16]","[0, 0, 0, 0, -1]","[58, 58, 58, 58, 58]"
107055430,5,0,0,up,"[14, 13, 14, 16, 19]","[0, 0, 0, -1, 0]","[58, 58, 58, 58, 58]"
107081298,8,0,0,up,"[13, 14, 16, 19, 21]","[0, 0, -1, 0, 0]","[58, 58, 58, 58, 58]"
107131263,11,0,0,up,"[14, 16, 19, 21, 25]","[0, -1, 0, 0, 0]","[58, 58, 58, 58, 58]"
107221259,18,0,0,up,"[16, 19, 21, 25, 34]","[-1, 0, 0, 0, -1]","[58, 58, 58, 58, 58]"
107270270,20,-1,1,up,"[19, 21, 25, 34, 39]","[0, 0, 0, -1, -1]","[58, 58, 58, 58, 59]"
107320236,23,-1,2,up,"[21, 25, 34, 39, 44]","[0, 0, -1, -1, -1]","[58, 58, 58, 59, 60]"
107371439,28,0,2,up,"[25, 34, 39, 44, 53]","[0, -1, -1, -1, 0]","[58, 58, 59, 60, 60]"
107401304,22,1,1,up,"[34, 39, 44, 53, 56]","[-1, -1, -1, 0, 0]","[58, 59, 60, 60, 59]"
107451244,19,1,0,up,"[39, 44, 53, 56, 58]","[-1, -1, 0, 0, 0]","[59, 60, 60, 59, 59]"
107501264,17,1,-2,up,"[44, 53, 56, 58, 61]","[-1, 0, 0, 0, 0]","[60, 60, 59, 59, 58]"
107551274,9,0,-2,up,"[53, 56, 58, 61, 62]","[0, 0, 0, 0, 0]","[60, 59, 59, 58, 58]"
107577454,7,0,-1,up,"[56, 58, 61, 62, 63]","[0, 0, 0, 0, 0]","[59, 59, 58, 58, 58]"
107673258,5,0,-1,up,"[58, 61, 62, 63, 63]","[0, 0, 0, 0, 0]","[59, 58, 58, 58, 58]"
107703433,2,0,-1,up,"[61, 62, 63, 63, 63]","[0, 0, 0, 0, 0]","[58, 58, 58, 58, 57]"
107728598,1,0,-1,up,"[62, 63, 63, 63, 63]","[0, 0, 0, 0, 0]","[58, 58, 58, 57, 57]"
107783608,0,0,0,up,"[63, 63, 63, 63, 63]","[0, 0, 0, 0, 0]","[58, 58, 57, 57, 58]"
107819275,0,0,0,up,"[63, 63, 63, 63, 63]","[0, 0, 0, 0, 0]","[58, 57, 57, 58, 58]"
107869263,0,0,1,up,"[63, 63, 63, 63, 63]","[0, 0, 0, 0, 0]","[57, 57, 58, 58, 58]"
107975250,0,0,1,up,"[63, 63, 63, 63, 63]","[0, 0, 0, 0, 0]","[57, 58, 58, 58, 58]"
108034272,0,0,0,up,"[63, 63, 63, 63, 63]","[0, 0, 0, 0, 0]","[58, 58, 58, 58, 58]"
108084315,0,0,0,up,"[63, 63, 63, 63, 63]","[0, 0, 0, 0, 0]","[58, 58, 58, 58, 58]"
108114256,-1,0,0,up,"[63, 63, 63, 63, 62]","[0, 0, 0, 0, 0]","[58, 58, 58, 58, 58]"
108196414,-1,0,0,up,"[63, 63, 63, 62, 62]","[0, 0, 0, 0, 0]","[58, 58, 58, 58, 58]"
108226413,-1,0,0,up,"[63, 63, 62, 62, 62]","[0, 0, 0, 0, 0]","[58, 58, 58, 58, 58]"
108250424,-1,0,1,up,"[63, 62, 62, 62, 62]","[0, 0, 0, 0, 0]","[58, 58, 58, 58, 59]"
108304414,0,0,1,up,"[62, 62, 62, 62, 62]","[0, 0, 0, 0, 0]","[58, 58, 58, 59, 59]"
108336270,0,0,1,up,"[62, 62, 62, 62, 62]","[0, 0, 0, 0, 0]","[58, 58, 59, 59, 59]"
108366269,0,0,1,up,"[62, 62, 62, 62, 62]","[0, 0, 0, 0, 0]","[58, 59, 59, 59, 59]"
108456266,-1,0,0,up,"[62, 62, 62, 62, 61]","[0, 0, 0, 0, 0]","[59, 59, 59, 59, 59]"
108506251,-1,0,0,up,"[62, 62, 62, 61, 61]","[0, 0, 0, 0, 0]","[59, 59, 59, 59, 59]"
108528411,-1,0,0,up,"[62, 62, 61, 61, 61]","[0, 0, 0, 0, 0]","[59, 59, 59, 59, 59]"
108558480,-1,0,0,up,"[62, 61, 61, 61, 61]","[0, 0, 0, 0, 0]","[59, 59, 59, 59, 59]"
108626223,0,0,0,up,"[61, 61, 61, 61, 61]","[0, 0, 0, 0, 0]","[59, 59, 59, 59, 59]"
108650420,0,0,0,up,"[61, 61, 61, 61, 61]","[0, 0, 0, 0, 0]","[59, 59, 59, 59, 59]"
108674430,0,0,0,up,"[61, 61, 61, 61, 61]","[0, 0, 0, 0, 0]","[59, 59, 59, 59, 59]"
108731201,0,0,0,up,"[61, 61, 61, 61, 61]","[0, 0, 0, 0, 0]","[59, 59, 59, 59, 59]"
108756517,0,0,0,up,"[61, 61, 61, 61, 61]","[0, 0, 0, 0, 0]","[59, 59, 59, 59, 59]"
108787413,0,0,0,up,"[61, 61, 61, 61, 61]","[0, 0, 0, 0, 0]","[59, 59, 59, 59, 59]"
108811476,0,0,0,up,"[61, 61, 61, 61, 61]","[0, 0, 0, 0, 0]","[59, 59, 59, 59, 59]"
108857817,-1,0,0,up,"[61, 61, 61, 61, 60]","[0, 0, 0, 0, 0]","[59, 59, 59, 59, 59]"
108883216,-1,0,0,up,"[61, 61, 61, 60, 60]","[0, 0, 0, 0, 0]","[59, 59, 59, 59, 59]"
108908948,-1,0,-1,up,"[61, 61, 60, 60, 60]","[0, 0, 0, 0, 0]","[59, 59, 59, 59, 58]"
108934035,-1,0,-1,up,"[61, 60, 60, 60, 60]","[0, 0, 0, 0, 0]","[59, 59, 59, 58, 58]"
108964405,0,0,-1,up,"[60, 60, 60, 60, 60]","[0, 0, 0, 0, 0]","[59, 59, 58, 58, 58]"
108993066,-1,0,-1,up,"[60, 60, 60, 60, 59]","[0, 0, 0, 0, 0]","[59, 58, 58, 58, 58]"
109023427,-3,0,0,up,"[60, 60, 60, 59, 57]","[0, 0, 0, 0, 0]","[58, 58, 58, 58, 58]"
109051286,-5,0,0,up,"[60, 60, 59, 57, 55]","[0, 0, 0, 0, 0]","[58, 58, 58, 58, 58]"
109104238,-14,0,0,up,"[60, 59, 57, 55, 46]","[0, 0, 0, 0, 0]","[58, 58, 58, 58, 58]"
109129421,-18,1,0,up,"[59, 57, 55, 46, 41]","[0, 0, 0, 0, 1]","[58, 58, 58, 58, 58]"
109153407,-23,2,0,up,"[57, 55, 46, 41, 34]","[0, 0, 0, 1, 2]","[58, 58, 58, 58, 58]"
109207418,-34,3,1,up,"[55, 46, 41, 34, 21]","[0, 0, 1, 2, 3]","[58, 58, 58, 58, 59]"
109231409,-32,2,0,up,"[46, 41, 34, 21, 14]","[0, 1, 2, 3, 2]","[58, 58, 58, 59, 58]"
109255416,-33,1,0,up,"[41, 34, 21, 14, 8]","[1, 2, 3, 2, 2]","[58, 58, 59, 58, 58]"
109319251,-34,2,-2,up,"[34, 21, 14, 8, 0]","[2, 3, 2, 2, 4]","[58, 59, 58, 58, 56]"
109349239,-24,2,-3,up,"[21, 14, 8, 0, -3]","[3, 2, 2, 4, 5]","[59, 58, 58, 56, 56]"
109377227,-20,3,-3,up,"[14, 8, 0, -3, -6]","[2, 2, 4, 5, 5]","[58, 58, 56, 56, 55]"
109429247,-19,4,-4,up,"[8, 0, -3, -6, -11]","[2, 4, 5, 5, 6]","[58, 56, 56, 55, 54]"
109479266,-12,3,-2,up,"[0, -3, -6, -11, -12]","[4, 5, 5, 6, 7]","[56, 56, 55, 54, 54]"
109529254,-10,2,-2,up,"[-3, -6, -11, -12, -13]","[5, 5, 6, 7, 7]","[56, 55, 54, 54, 54]"
109609242,-6,2,-1,up,"[-6, -11, -12, -13, -12]","[5, 6, 7, 7, 7]","[55, 54, 54, 54, 54]"
109653428,-1,1,1,Centered,"[-11, -12, -13, -12, -12]","[6, 7, 7, 7, 7]","[54, 54, 54, 54, 55]"
109677322,1,0,1,Centered,"[-12, -13, -12, -12, -11]","[7, 7, 7, 7, 7]","[54, 54, 54, 55, 55]"
109707872,2,0,1,Centered,"[-13, -12, -12, -11, -11]","[7, 7, 7, 7, 7]","[54, 54, 55, 55, 55]"
109732411,1,0,1,Centered,"[-12, -12, -11, -11, -11]","[7, 7, 7, 7, 7]","[54, 55, 55, 55, 55]"
109756425,2,0,0,Centered,"[-12, -11, -11, -11, -10]","[7, 7, 7, 7, 7]","[55, 55, 55, 55, 55]"
109812250,2,0,0,Centered,"[-11, -11, -11, -10, -9]","[7, 7, 7, 7, 7]","[55, 55, 55, 55, 55]"
109837651,2,0,0,Centered,"[-11, -11, -10, -9, -9]","[7, 7, 7, 7, 7]","[55, 55, 55, 55, 55]"
109863331,3,0,0,Centered,"[-11, -10, -9, -9, -8]","[7, 7, 7, 7, 7]","[55, 55, 55, 55, 55]"
109888774,2,0,0,Centered,"[-10, -9, -9, -8, -8]","[7, 7, 7, 7, 7]","[55, 55, 55, 55, 55]"
109914412,2,0,0,Centered,"[-9, -9, -8, -8, -7]","[7, 7, 7, 7, 7]","[55, 55, 55, 55, 55]"
109944585,2,0,0,Centered,"[-9, -8, -8, -7, -7]","[7, 7, 7, 7, 7]","[55, 55, 55, 55, 55]"
109992416,2,0,1,Centered,"[-8, -8, -7, -7, -6]","[7, 7, 7, 7, 7]","[55, 55, 55, 55, 56]"
110016440,2,0,1,Centered,"[-8, -7, -7, -6, -6]","[7, 7, 7, 7, 7]","[55, 55, 55, 56, 56]"
110083014,2,0,1,Centered,"[-7, -7, -6, -6, -5]","[7, 7, 7, 7, 7]","[55, 55, 56, 56, 56]"
110133498,3,0,1,Centered,"[-7, -6, -6, -5, -4]","[7, 7, 7, 7, 7]","[55, 56, 56, 56, 56]"
110158763,2,0,0,Centered,"[-6, -6, -5, -4, -4]","[7, 7, 7, 7, 7]","[56, 56, 56, 56, 56]"
110184040,2,0,0,Centered,"[-6, -5, -4, -4, -4]","[7, 7, 7, 7, 7]","[56, 56, 56, 56, 56]"
110213395,2,0,0,Centered,"[-5, -4, -4, -4, -3]","[7, 7, 7, 7, 7]","[56, 56, 56, 56, 56]"
110237405,1,0,0,Centered,"[-4, -4, -4, -3, -3]","[7, 7, 7, 7, 7]","[56, 56, 56, 56, 56]"
110287399,1,0,1,Centered,"[-4, -4, -3, -3, -3]","[7, 7, 7, 7, 7]","[56, 56, 56, 56, 57]"
110315258,2,0,1,Centered,"[-4, -3, -3, -3, -2]","[7, 7, 7, 7, 7]","[56, 56, 56, 57, 57]"
110491429,1,0,1,Centered,"[-3, -3, -3, -2, -2]","[7, 7, 7, 7, 7]","[56, 56, 57, 57, 57]"
110515395,1,0,1,Centered,"[-3, -3, -2, -2, -2]","[7, 7, 7, 7, 7]","[56, 57, 57, 57, 57]"
110569408,2,-1,0,Centered,"[-3, -2, -2, -2, -1]","[7, 7, 7, 7, 6]","[57, 57, 57, 57, 57]"
110593397,1,-1,0,Centered,"[-2, -2, -2, -1, -1]","[7, 7, 7, 6, 6]","[57, 57, 57, 57, 57]"
110617461,2,-1,0,Centered,"[-2, -2, -1, -1, 0]","[7, 7, 6, 6, 6]","[57, 57, 57, 57, 57]"
110679396,2,-1,0,Centered,"[-2, -1, -1, 0, 0]","[7, 6, 6, 6, 6]","[57, 57, 57, 57, 57]"
110733231,1,0,1,Centered,"[-1, -1, 0, 0, 0]","[6, 6, 6, 6, 6]","[57, 57, 57, 57, 58]"
110763230,1,0,1,Centered,"[-1, 0, 0, 0, 0]","[6, 6, 6, 6, 6]","[57, 57, 57, 58, 58]"
110791266,0,0,1,Centered,"[0, 0, 0, 0, 0]","[6, 6, 6, 6, 6]","[57, 57, 58, 58, 58]"
110871253,1,-1,1,Centered,"[0, 0, 0, 0, 1]","[6, 6, 6, 6, 5]","[57, 58, 58, 58, 58]"
110918939,1,-1,0,Centered,"[0, 0, 0, 1, 1]","[6, 6, 6, 5, 5]","[58, 58, 58, 58, 58]"
110944219,0,-1,-1,Centered,"[0, 0, 1, 1, 0]","[6, 6, 5, 5, 5]","[58, 58, 58, 58, 57]"
110970015,0,-1,-1,Centered,"[0, 1, 1, 0, 0]","[6, 5, 5, 5, 5]","[58, 58, 58, 57, 57]"
111000397,-1,0,-1,Centered,"[1, 1, 0, 0, 0]","[5, 5, 5, 5, 5]","[58, 58, 57, 57, 57]"
111028231,-1,1,-2,Centered,"[1, 0, 0, 0, 0]","[5, 5, 5, 5, 6]","[58, 57, 57, 57, 56]"
111087980,-4,1,-1,Centered,"[0, 0, 0, 0, -4]","[5, 5, 5, 6, 6]","[57, 57, 57, 56, 56]"
111113316,-7,0,-1,down,"[0, 0, 0, -4, -7]","[5, 5, 6, 6, 5]","[57, 57, 56, 56, 56]"
111143674,-11,-1,0,down,"[0, 0, -4, -7, -11]","[5, 6, 6, 5, 4]","[57, 56, 56, 56, 57]"
111163908,-14,-3,1,down,"[0, -4, -7, -11, -14]","[6, 6, 5, 4, 3]","[56, 56, 56, 57, 57]"
111189301,-14,-4,1,down,"[-4, -7, -11, -14, -18]","[6, 5, 4, 3, 2]","[56, 56, 57, 57, 57]"
111215221,-14,-4,1,down,"[-7, -11, -14, -18, -21]","[5, 4, 3, 2, 1]","[56, 57, 57, 57, 57]"
111245402,-14,-4,1,down,"[-11, -14, -18, -21, -25]","[4, 3, 2, 1, 0]","[57, 57, 57, 57, 58]"
111266808,-14,-3,1,down,"[-14, -18, -21, -25, -28]","[3, 2, 1, 0, 0]","[57, 57, 57, 58, 58]"
111329186,-14,-4,2,down,"[-18, -21, -25, -28, -32]","[2, 1, 0, 0, -2]","[57, 57, 58, 58, 59]"
111358529,-11,-2,1,down,"[-21, -25, -28, -32, -32]","[1, 0, 0, -2, -1]","[57, 58, 58, 59, 58]"
111388225,-8,-2,0,down,"[-25, -28, -32, -32, -33]","[0, 0, -2, -1, -2]","[58, 58, 59, 58, 58]"
111417577,-5,-2,1,down,"[-28, -32, -32, -33, -33]","[0, -2, -1, -2, -2]","[58, 59, 58, 58, 59]"
111443899,-2,0,0,down,"[-32, -32, -33, -33, -34]","[-2, -1, -2, -2, -2]","[59, 58, 58, 59, 59]"
111468292,-3,0,0,down,"[-32, -33, -33, -34, -35]","[-1, -2, -2, -2, -1]","[58, 58, 59, 59, 58]"
111493643,-3,2,0,down,"[-33, -33, -34, -35, -36]","[-2, -2, -2, -1, 0]","[58, 59, 59, 58, 58]"
111518897,-3,2,-1,down,"[-33, -34, -35, -36, -36]","[-2, -2, -1, 0, 0]","[59, 59, 58, 58, 58]"
111544310,-2,2,-2,down,"[-34, -35, -36, -36, -36]","[-2, -1, 0, 0, 0]","[59, 58, 58, 58, 57]"
111569304,-2,1,-1,down,"[-35, -36, -36, -36, -37]","[-1, 0, 0, 0, 0]","[58, 58, 58, 57, 57]"
111594733,-1,1,-2,down,"[-36, -36, -36, -37, -37]","[0, 0, 0, 0, 1]","[58, 58, 57, 57, 56]"
111621376,-1,2,-2,down,"[-36, -36, -37, -37, -37]","[0, 0, 0, 1, 2]","[58, 57, 57, 56, 56]"
111645603,-1,2,-2,down,"[-36, -37, -37, -37, -37]","[0, 0, 1, 2, 2]","[57, 57, 56, 56, 55]"
111670686,1,3,-2,down,"[-37, -37, -37, -37, -36]","[0, 1, 2, 2, 3]","[57, 56, 56, 55, 55]"
111697957,1,2,-1,down,"[-37, -37, -37, -36, -36]","[1, 2, 2, 3, 3]","[56, 56, 55, 55, 55]"
111721747,1,1,-1,down,"[-37, -37, -36, -36, -36]","[2, 2, 3, 3, 3]","[56, 55, 55, 55, 55]"
111747201,0,1,0,down,"[-37, -36, -36, -36, -37]","[2, 3, 3, 3, 3]","[55, 55, 55, 55, 55]"
111772216,-1,1,0,down,"[-36, -36, -36, -37, -37]","[3, 3, 3, 3, 4]","[55, 55, 55, 55, 55]"
111797388,-1,1,0,down,"[-36, -36, -37, -37, -37]","[3, 3, 3, 4, 4]","[55, 55, 55, 55, 55]"
111823187,-1,1,-1,down,"[-36, -37, -37, -37, -37]","[3, 3, 4, 4, 4]","[55, 55, 55, 55, 54]"
111848295,1,1,-1,down,"[-37, -37, -37, -37, -36]","[3, 4, 4, 4, 4]","[55, 55, 55, 54, 54]"
111874214,1,0,-1,down,"[-37, -37, -37, -36, -36]","[4, 4, 4, 4, 4]","[55, 55, 54, 54, 54]"
111898910,1,0,-1,down,"[-37, -37, -36, -36, -36]","[4, 4, 4, 4, 4]","[55, 54, 54, 54, 54]"
111924527,1,0,0,down,"[-37, -36, -36, -36, -36]","[4, 4, 4, 4, 4]","[54, 54, 54, 54, 54]"
111949764,0,0,0,down,"[-36, -36, -36, -36, -36]","[4, 4, 4, 4, 4]","[54, 54, 54, 54, 54]"
111974757,1,1,0,down,"[-36, -36, -36, -36, -35]","[4, 4, 4, 4, 5]","[54, 54, 54, 54, 54]"
112000211,1,1,1,down,"[-36, -36, -36, -35, -35]","[4, 4, 4, 5, 5]","[54, 54, 54, 54, 55]"
112025922,1,1,1,down,"[-36, -36, -35, -35, -35]","[4, 4, 5, 5, 5]","[54, 54, 54, 55, 55]"
112050811,1,1,1,down,"[-36, -35, -35, -35, -35]","[4, 5, 5, 5, 5]","[54, 54, 55, 55, 55]"
112076220,1,0,1,down,"[-35, -35, -35, -35, -34]","[5, 5, 5, 5, 5]","[54, 55, 55, 55, 55]"
112103158,1,0,0,down,"[-35, -35, -35, -34, -34]","[5, 5, 5, 5, 5]","[55, 55, 55, 55, 55]"
112127207,1,0,0,down,"[-35, -35, -34, -34, -34]","[5, 5, 5, 5, 5]","[55, 55, 55, 55, 55]"
112152307,1,0,0,down,"[-35, -34, -34, -34, -34]","[5, 5, 5, 5, 5]","[55, 55, 55, 55, 55]"
112177900,0,0,0,down,"[-34, -34, -34, -34, -34]","[5, 5, 5, 5, 5]","[55, 55, 55, 55, 55]"
112202931,1,0,0,down,"[-34, -34, -34, -34, -33]","[5, 5, 5, 5, 5]","[55, 55, 55, 55, 55]"
112233483,1,0,0,down,"[-34, -34, -34, -33, -33]","[5, 5, 5, 5, 5]","[55, 55, 55, 55, 55]"
112253966,1,0,0,down,"[-34, -34, -33, -33, -33]","[5, 5, 5, 5, 5]","[55, 55, 55, 55, 55]"
112283889,1,0,0,down,"[-34, -33, -33, -33, -33]","[5, 5, 5, 5, 5]","[55, 55, 55, 55, 55]"
112304486,0,0,0,down,"[-33, -33, -33, -33, -33]","[5, 5, 5, 5, 5]","[55, 55, 55, 55, 55]"
112329906,1,1,0,down,"[-33, -33, -33, -33, -32]","[5, 5, 5, 5, 6]","[55, 55, 55, 55, 55]"
112355197,1,1,0,down,"[-33, -33, -33, -32, -32]","[5, 5, 5, 6, 6]","[55, 55, 55, 55, 55]"
112380612,1,1,0,down,"[-33, -33, -32, -32, -32]","[5, 5, 6, 6, 6]","[55, 55, 55, 55, 55]"
112406160,1,1,0,down,"[-33, -32, -32, -32, -32]","[5, 6, 6, 6, 6]","[55, 55, 55, 55, 55]"
112432401,0,0,0,down,"[-32, -32, -32, -32, -32]","[6, 6, 6, 6, 6]","[55, 55, 55, 55, 55]"
112456390,1,0,0,down,"[-32, -32, -32, -32, -31]","[6, 6, 6, 6, 6]","[55, 55, 55, 55, 55]"
112515779,1,0,0,down,"[-32, -32, -32, -31, -31]","[6, 6, 6, 6, 6]","[55, 55, 55, 55, 55]"
112540737,1,0,0,down,"[-32, -32, -31, -31, -31]","[6, 6, 6, 6, 6]","[55, 55, 55, 55, 55]"
112566111,1,0,0,down,"[-32, -31, -31, -31, -31]","[6, 6, 6, 6, 6]","[55, 55, 55, 55, 55]"
112591780,1,0,0,down,"[-31, -31, -31, -31, -30]","[6, 6, 6, 6, 6]","[55, 55, 55, 55, 55]"
112617190,1,0,0,down,"[-31, -31, -31, -30, -30]","[6, 6, 6, 6, 6]","[55, 55, 55, 55, 55]"
112647187,1,0,0,down,"[-31, -31, -30, -30, -30]","[6, 6, 6, 6, 6]","[55, 55, 55, 55, 55]"
112667881,1,0,0,down,"[-31, -30, -30, -30, -30]","[6, 6, 6, 6, 6]","[55, 55, 55, 55, 55]"
112692880,0,0,0,down,"[-30, -30, -30, -30, -30]","[6, 6, 6, 6, 6]","[55, 55, 55, 55, 55]"
112718439,1,0,0,down,"[-30, -30, -30, -30, -29]","[6, 6, 6, 6, 6]","[55, 55, 55, 55, 55]"
112743633,1,0,-1,down,"[-30, -30, -30, -29, -29]","[6, 6, 6, 6, 6]","[55, 55, 55, 55, 54]"
112774161,1,0,-1,down,"[-30, -30, -29, -29, -29]","[6, 6, 6, 6, 6]","[55, 55, 55, 54, 54]"
112802894,1,0,-1,down,"[-30, -29, -29, -29, -29]","[6, 6, 6, 6, 6]","[55, 55, 54, 54, 54]"
112828924,1,1,-1,down,"[-29, -29, -29, -29, -28]","[6, 6, 6, 6, 7]","[55, 54, 54, 54, 54]"
112853292,1,1,0,down,"[-29, -29, -29, -28, -28]","[6, 6, 6, 7, 7]","[54, 54, 54, 54, 54]"
112881094,1,1,0,down,"[-29, -29, -28, -28, -28]","[6, 6, 7, 7, 7]","[54, 54, 54, 54, 54]"
112909172,1,1,0,down,"[-29, -28, -28, -28, -28]","[6, 7, 7, 7, 7]","[54, 54, 54, 54, 54]"
112937908,0,0,0,down,"[-28, -28, -28, -28, -28]","[7, 7, 7, 7, 7]","[54, 54, 54, 54, 54]"
112962989,1,0,0,down,"[-28, -28, -28, -28, -27]","[7, 7, 7, 7, 7]","[54, 54, 54, 54, 54]"
112988732,1,0,0,down,"[-28, -28, -28, -27, -27]","[7, 7, 7, 7, 7]","[54, 54, 54, 54, 54]"
113015195,1,0,0,down,"[-28, -28, -27, -27, -27]","[7, 7, 7, 7, 7]","[54, 54, 54, 54, 54]"
113039205,1,0,0,down,"[-28, -27, -27, -27, -27]","[7, 7, 7, 7, 7]","[54, 54, 54, 54, 54]"
113065442,1,0,0,down,"[-27, -27, -27, -27, -26]","[7, 7, 7, 7, 7]","[54, 54, 54, 54, 54]"
113089908,1,0,0,down,"[-27, -27, -27, -26, -26]","[7, 7, 7, 7, 7]","[54, 54, 54, 54, 54]"
113115214,1,0,0,down,"[-27, -27, -26, -26, -26]","[7, 7, 7, 7, 7]","[54, 54, 54, 54, 54]"
113140469,1,0,1,down,"[-27, -26, -26, -26, -26]","[7, 7, 7, 7, 7]","[54, 54, 54, 54, 55]"
113165897,1,0,1,down,"[-26, -26, -26, -26, -25]","[7, 7, 7, 7, 7]","[54, 54, 54, 55, 55]"
113191305,1,0,1,down,"[-26, -26, -26, -25, -25]","[7, 7, 7, 7, 7]","[54, 54, 55, 55, 55]"
113216604,1,0,1,down,"[-26, -26, -25, -25, -25]","[7, 7, 7, 7, 7]","[54, 55, 55, 55, 55]"
113243336,1,0,0,down,"[-26, -25, -25, -25, -25]","[7, 7, 7, 7, 7]","[55, 55, 55, 55, 55]"
113267204,1,0,0,down,"[-25, -25, -25, -25, -24]","[7, 7, 7, 7, 7]","[55, 55, 55, 55, 55]"
113292778,1,0,0,down,"[-25, -25, -25, -24, -24]","[7, 7, 7, 7, 7]","[55, 55, 55, 55, 55]"
113319896,2,1,0,down,"[-25, -25, -24, -24, -23]","[7, 7, 7, 7, 8]","[55, 55, 55, 55, 55]"
113343586,2,1,-1,down,"[-25, -24, -24, -23, -23]","[7, 7, 7, 8, 8]","[55, 55, 55, 55, 54]"
113368923,1,1,-1,down,"[-24, -24, -23, -23, -23]","[7, 7, 8, 8, 8]","[55, 55, 55, 54, 54]"
113394310,2,1,-1,down,"[-24, -23, -23, -23, -22]","[7, 8, 8, 8, 8]","[55, 55, 54, 54, 54]"
113419229,1,1,-1,down,"[-23, -23, -23, -22, -22]","[8, 8, 8, 8, 9]","[55, 54, 54, 54, 54]"
113444747,2,1,0,down,"[-23, -23, -22, -22, -21]","[8, 8, 8, 9, 9]","[54, 54, 54, 54, 54]"
113470200,2,1,0,down,"[-23, -22, -22, -21, -21]","[8, 8, 9, 9, 9]","[54, 54, 54, 54, 54]"
113495413,1,1,0,down,"[-22, -22, -21, -21, -21]","[8, 9, 9, 9, 9]","[54, 54, 54, 54, 54]"
113520586,2,1,0,down,"[-22, -21, -21, -21, -20]","[9, 9, 9, 9, 10]","[54, 54, 54, 54, 54]"
113545887,1,1,-1,down,"[-21, -21, -21, -20, -20]","[9, 9, 9, 10, 10]","[54, 54, 54, 54, 53]"
113571582,2,1,-1,down,"[-21, -21, -20, -20, -19]","[9, 9, 10, 10, 10]","[54, 54, 54, 53, 53]"
113596728,3,1,-1,down,"[-21, -20, -20, -19, -18]","[9, 10, 10, 10, 10]","[54, 54, 53, 53, 53]"
113622183,4,0,-1,down,"[-20, -20, -19, -18, -16]","[10, 10, 10, 10, 10]","[54, 53, 53, 53, 53]"
113647205,6,-1,0,down,"[-20, -19, -18, -16, -14]","[10, 10, 10, 10, 9]","[53, 53, 53, 53, 53]"
113672780,7,-1,-1,down,"[-19, -18, -16, -14, -12]","[10, 10, 10, 9, 9]","[53, 53, 53, 53, 52]"
113698320,9,-1,-1,down,"[-18, -16, -14, -12, -9]","[10, 10, 9, 9, 9]","[53, 53, 53, 52, 52]"
113723690,11,-1,-2,down,"[-16, -14, -12, -9, -5]","[10, 9, 9, 9, 9]","[53, 53, 52, 52, 51]"
113748632,13,-1,-3,down,"[-14, -12, -9, -5, -1]","[9, 9, 9, 9, 8]","[53, 52, 52, 51, 50]"
113774180,14,-1,-3,down,"[-12, -9, -5, -1, 2]","[9, 9, 9, 8, 8]","[52, 52, 51, 50, 49]"
113799736,16,-2,-3,down,"[-9, -5, -1, 2, 7]","[9, 9, 8, 8, 7]","[52, 51, 50, 49, 49]"
113824747,17,-2,-3,down,"[-5, -1, 2, 7, 12]","[9, 8, 8, 7, 7]","[51, 50, 49, 49, 48]"
113849918,17,-2,-2,down,"[-1, 2, 7, 12, 16]","[8, 8, 7, 7, 6]","[50, 49, 49, 48, 48]"
113875743,19,-2,-1,down,"[2, 7, 12, 16, 21]","[8, 7, 7, 6, 6]","[49, 49, 48, 48, 48]"
113900971,18,-2,-1,down,"[7, 12, 16, 21, 25]","[7, 7, 6, 6, 5]","[49, 48, 48, 48, 48]"
113926284,17,-2,1,down,"[12, 16, 21, 25, 29]","[7, 6, 6, 5, 5]","[48, 48, 48, 48, 49]"
113951584,17,-1,2,down,"[16, 21, 25, 29, 33]","[6, 6, 5, 5, 5]","[48, 48, 48, 49, 50]"
113979917,16,-1,3,down,"[21, 25, 29, 33, 37]","[6, 5, 5, 5, 5]","[48, 48, 49, 50, 51]"
114002224,15,0,5,down,"[25, 29, 33, 37, 40]","[5, 5, 5, 5, 5]","[48, 49, 50, 51, 53]"
114027405,14,0,5,down,"[29, 33, 37, 40, 43]","[5, 5, 5, 5, 5]","[49, 50, 51, 53, 54]"
114053388,12,-1,5,down,"[33, 37, 40, 43, 45]","[5, 5, 5, 5, 4]","[50, 51, 53, 54, 55]"
114083401,10,-1,5,down,"[37, 40, 43, 45, 47]","[5, 5, 5, 4, 4]","[51, 53, 54, 55, 56]"
114131385,9,-3,3,down,"[40, 43, 45, 47, 49]","[5, 5, 4, 4, 2]","[53, 54, 55, 56, 56]"
114159380,7,-4,2,down,"[43, 45, 47, 49, 50]","[5, 4, 4, 2, 1]","[54, 55, 56, 56, 56]"
114183367,5,-4,1,down,"[45, 47, 49, 50, 50]","[4, 4, 2, 1, 0]","[55, 56, 56, 56, 56]"
114211249,3,-4,0,Centered,"[47, 49, 50, 50, 50]","[4, 2, 1, 0, 0]","[56, 56, 56, 56, 56]"
114293375,1,-2,0,Centered,"[49, 50, 50, 50, 50]","[2, 1, 0, 0, 0]","[56, 56, 56, 56, 56]"
114317369,0,-1,0,Centered,"[50, 50, 50, 50, 50]","[1, 0, 0, 0, 0]","[56, 56, 56, 56, 56]"
114345431,0,0,0,Centered,"[50, 50, 50, 50, 50]","[0, 0, 0, 0, 0]","[56, 56, 56, 56, 56]"
114393407,0,0,0,Centered,"[50, 50, 50, 50, 50]","[0, 0, 0, 0, 0]","[56, 56, 56, 56, 56]"
114454206,-1,0,0,Centered,"[50, 50, 50, 50, 49]","[0, 0, 0, 0, 0]","[56, 56, 56, 56, 56]"
114504224,-1,0,0,Centered,"[50, 50, 50, 49, 49]","[0, 0, 0, 0, 0]","[56, 56, 56, 56, 56]"
114526377,-1,0,0,Centered,"[50, 50, 49, 49, 49]","[0, 0, 0, 0, 0]","[56, 56, 56, 56, 56]"
114556376,-1,0,0,Centered,"[50, 49, 49, 49, 49]","[0, 0, 0, 0, 0]","[56, 56, 56, 56, 56]"
114614364,-1,0,0,Centered,"[49, 49, 49, 49, 48]","[0, 0, 0, 0, 0]","[56, 56, 56, 56, 56]"
114638376,-1,0,0,Centered,"[49, 49, 49, 48, 48]","[0, 0, 0, 0, 0]","[56, 56, 56, 56, 56]"
114662367,-1,0,0,Centered,"[49, 49, 48, 48, 48]","[0, 0, 0, 0, 0]","[56, 56, 56, 56, 56]"
114720224,-2,0,0,Centered,"[49, 48, 48, 48, 47]","[0, 0, 0, 0, 0]","[56, 56, 56, 56, 56]"
114770211,-1,0,0,Centered,"[48, 48, 48, 47, 47]","[0, 0, 0, 0, 0]","[56, 56, 56, 56, 56]"
114812981,-1,0,0,Centered,"[48, 48, 47, 47, 47]","[0, 0, 0, 0, 0]","[56, 56, 56, 56, 56]"
114864399,-1,0,1,Centered,"[48, 47, 47, 47, 47]","[0, 0, 0, 0, 0]","[56, 56, 56, 56, 57]"
114889287,0,0,1,Centered,"[47, 47, 47, 47, 47]","[0, 0, 0, 0, 0]","[56, 56, 56, 57, 57]"
114914735,-1,0,1,Centered,"[47, 47, 47, 47, 46]","[0, 0, 0, 0, 0]","[56, 56, 57, 57, 57]"
114939908,-1,0,1,Centered,"[47, 47, 47, 46, 46]","[0, 0, 0, 0, 0]","[56, 57, 57, 57, 57]"
114965273,-1,0,0,Centered,"[47, 47, 46, 46, 46]","[0, 0, 0, 0, 0]","[57, 57, 57, 57, 57]"
114990630,-1,0,0,Centered,"[47, 46, 46, 46, 46]","[0, 0, 0, 0, 0]","[57, 57, 57, 57, 57]"
115020367,0,0,0,Centered,"[46, 46, 46, 46, 46]","[0, 0, 0, 0, 0]","[57, 57, 57, 57, 57]"
115048249,-1,0,0,Centered,"[46, 46, 46, 46, 45]","[0, 0, 0, 0, 0]","[57, 57, 57, 57, 57]"
115100171,-1,-1,0,Centered,"[46, 46, 46, 45, 45]","[0, 0, 0, 0, -1]","[57, 57, 57, 57, 57]"
115131573,-1,-1,0,Centered,"[46, 46, 45, 45, 45]","[0, 0, 0, -1, -1]","[57, 57, 57, 57, 57]"
115165196,-1,-1,0,Centered,"[46, 45, 45, 45, 45]","[0, 0, -1, -1, -1]","[57, 57, 57, 57, 57]"
115219376,-1,-1,0,Centered,"[45, 45, 45, 45, 44]","[0, -1, -1, -1, -1]","[57, 57, 57, 57, 57]"
115247378,-1,0,0,Centered,"[45, 45, 45, 44, 44]","[-1, -1, -1, -1, -1]","[57, 57, 57, 57, 57]"
115271372,-1,0,0,Centered,"[45, 45, 44, 44, 44]","[-1, -1, -1, -1, -1]","[57, 57, 57, 57, 57]"
115357416,-1,0,1,Centered,"[45, 44, 44, 44, 44]","[-1, -1, -1, -1, -1]","[57, 57, 57, 57, 58]"
115412915,0,0,1,Centered,"[44, 44, 44, 44, 44]","[-1, -1, -1, -1, -1]","[57, 57, 57, 58, 58]"
115438362,0,0,1,Centered,"[44, 44, 44, 44, 44]","[-1, -1, -1, -1, -1]","[57, 57, 58, 58, 58]"
115466260,-1,0,1,Centered,"[44, 44, 44, 44, 43]","[-1, -1, -1, -1, -1]","[57, 58, 58, 58, 58]"
115527171,-1,0,0,Centered,"[44, 44, 44, 43, 43]","[-1, -1, -1, -1, -1]","[58, 58, 58, 58, 58]"
115548182,-1,0,0,Centered,"[44, 44, 43, 43, 43]","[-1, -1, -1, -1, -1]","[58, 58, 58, 58, 58]"
115573185,-1,0,0,Centered,"[44, 43, 43, 43, 43]","[-1, -1, -1, -1, -1]","[58, 58, 58, 58, 58]"
115598890,-1,0,0,Centered,"[43, 43, 43, 43, 42]","[-1, -1, -1, -1, -1]","[58, 58, 58, 58, 58]"
115624366,-1,0,0,Centered,"[43, 43, 43, 42, 42]","[-1, -1, -1, -1, -1]","[58, 58, 58, 58, 58]"
115652375,-1,0,0,Centered,"[43, 43, 42, 42, 42]","[-1, -1, -1, -1, -1]","[58, 58, 58, 58, 58]"
115700431,-1,0,0,Centered,"[43, 42, 42, 42, 42]","[-1, -1, -1, -1, -1]","[58, 58, 58, 58, 58]"
115730378,-1,0,0,Centered,"[42, 42, 42, 42, 41]","[-1, -1, -1, -1, -1]","[58, 58, 58, 58, 58]"
115754371,-1,0,0,Centered,"[42, 42, 42, 41, 41]","[-1, -1, -1, -1, -1]","[58, 58, 58, 58, 58]"
115802367,-1,0,0,Centered,"[42, 42, 41, 41, 41]","[-1, -1, -1, -1, -1]","[58, 58, 58, 58, 58]"
115830180,-2,0,0,Centered,"[42, 41, 41, 41, 40]","[-1, -1, -1, -1, -1]","[58, 58, 58, 58, 58]"
115866188,-1,0,0,Centered,"[41, 41, 41, 40, 40]","[-1, -1, -1, -1, -1]","[58, 58, 58, 58, 58]"
115900208,-1,0,0,Centered,"[41, 41, 40, 40, 40]","[-1, -1, -1, -1, -1]","[58, 58, 58, 58, 58]"
116010195,-1,0,0,Centered,"[41, 40, 40, 40, 40]","[-1, -1, -1, -1, -1]","[58, 58, 58, 58, 58]"
116048366,-1,0,0,Centered,"[40, 40, 40, 40, 39]","[-1, -1, -1, -1, -1]","[58, 58, 58, 58, 58]"
116080178,-1,0,0,Centered,"[40, 40, 40, 39, 39]","[-1, -1, -1, -1, -1]","[58, 58, 58, 58, 58]"
116110354,-1,0,0,Centered,"[40, 40, 39, 39, 39]","[-1, -1, -1, -1, -1]","[58, 58, 58, 58, 58]"
116184439,-1,0,0,Centered,"[40, 39, 39, 39, 39]","[-1, -1, -1, -1, -1]","[58, 58, 58, 58, 58]"
116208370,-1,0,0,Centered,"[39, 39, 39, 39, 38]","[-1, -1, -1, -1, -1]","[58, 58, 58, 58, 58]"
116232363,-1,0,0,Centered,"[39, 39, 39, 38, 38]","[-1, -1, -1, -1, -1]","[58, 58, 58, 58, 58]"
116310365,-2,0,0,Centered,"[39, 39, 38, 38, 37]","[-1, -1, -1, -1, -1]","[58, 58, 58, 58, 58]"
116334351,-2,0,1,Centered,"[39, 38, 38, 37, 37]","[-1, -1, -1, -1, -1]","[58, 58, 58, 58, 59]"
116368190,-1,0,1,Centered,"[38, 38, 37, 37, 37]","[-1, -1, -1, -1, -1]","[58, 58, 58, 59, 59]"
116398368,-1,0,1,Centered,"[38, 37, 37, 37, 37]","[-1, -1, -1, -1, -1]","[58, 58, 59, 59, 59]"
116453190,-1,0,1,Centered,"[37, 37, 37, 37, 36]","[-1, -1, -1, -1, -1]","[58, 59, 59, 59, 59]"
116483210,-1,0,0,Centered,"[37, 37, 37, 36, 36]","[-1, -1, -1, -1, -1]","[59, 59, 59, 59, 59]"
116523191,-1,0,0,Centered,"[37, 37, 36, 36, 36]","[-1, -1, -1, -1, -1]","[59, 59, 59, 59, 59]"
116563197,-2,0,0,Centered,"[37, 36, 36, 36, 35]","[-1, -1, -1, -1, -1]","[59, 59, 59, 59, 59]"
116631368,-1,0,0,Centered,"[36, 36, 36, 35, 35]","[-1, -1, -1, -1, -1]","[59, 59, 59, 59, 59]"
116655361,-1,0,0,Centered,"[36, 36, 35, 35, 35]","[-1, -1, -1, -1, -1]","[59, 59, 59, 59, 59]"
116691190,-1,1,0,Centered,"[36, 35, 35, 35, 35]","[-1, -1, -1, -1, 0]","[59, 59, 59, 59, 59]"
116765347,-1,1,0,Centered,"[35, 35, 35, 35, 34]","[-1, -1, -1, 0, 0]","[59, 59, 59, 59, 59]"
116795347,-1,1,0,Centered,"[35, 35, 35, 34, 34]","[-1, -1, 0, 0, 0]","[59, 59, 59, 59, 59]"
116819361,-1,1,0,Centered,"[35, 35, 34, 34, 34]","[-1, 0, 0, 0, 0]","[59, 59, 59, 59, 59]"
116868368,-2,0,0,Centered,"[35, 34, 34, 34, 33]","[0, 0, 0, 0, 0]","[59, 59, 59, 59, 59]"
116892362,-1,0,0,Centered,"[34, 34, 34, 33, 33]","[0, 0, 0, 0, 0]","[59, 59, 59, 59, 59]"
116916348,-1,0,0,Centered,"[34, 34, 33, 33, 33]","[0, 0, 0, 0, 0]","[59, 59, 59, 59, 59]"
116946348,-2,0,0,Centered,"[34, 33, 33, 33, 32]","[0, 0, 0, 0, 0]","[59, 59, 59, 59, 59]"
117041191,-1,0,0,Centered,"[33, 33, 33, 32, 32]","[0, 0, 0, 0, 0]","[59, 59, 59, 59, 59]"
117161184,-1,0,0,Centered,"[33, 33, 32, 32, 32]","[0, 0, 0, 0, 0]","[59, 59, 59, 59, 59]"
117207442,-1,0,0,Centered,"[33, 32, 32, 32, 32]","[0, 0, 0, 0, 0]","[59, 59, 59, 59, 59]"
117229360,-1,0,0,Centered,"[32, 32, 32, 32, 31]","[0, 0, 0, 0, 0]","[59, 59, 59, 59, 59]"
117289229,-1,0,0,Centered,"[32, 32, 32, 31, 31]","[0, 0, 0, 0, 0]","[59, 59, 59, 59, 59]"
117339169,-1,0,0,Centered,"[32, 32, 31, 31, 31]","[0, 0, 0, 0, 0]","[59, 59, 59, 59, 59]"
117369349,-2,0,0,Centered,"[32, 31, 31, 31, 30]","[0, 0, 0, 0, 0]","[59, 59, 59, 59, 59]"
117393354,-1,0,0,Centered,"[31, 31, 31, 30, 30]","[0, 0, 0, 0, 0]","[59, 59, 59, 59, 59]"
117443252,-1,0,1,Centered,"[31, 31, 30, 30, 30]","[0, 0, 0, 0, 0]","[59, 59, 59, 59, 60]"
117473194,-1,0,1,Centered,"[31, 30, 30, 30, 30]","[0, 0, 0, 0, 0]","[59, 59, 59, 60, 60]"
117513180,-1,0,1,Centered,"[30, 30, 30, 30, 29]","[0, 0, 0, 0, 0]","[59, 59, 60, 60, 60]"
117543178,-1,0,1,Centered,"[30, 30, 30, 29, 29]","[0, 0, 0, 0, 0]","[59, 60, 60, 60, 60]"
117603198,-1,0,0,Centered,"[30, 30, 29, 29, 29]","[0, 0, 0, 0, 0]","[60, 60, 60, 60, 60]"
117643183,-2,0,0,Centered,"[30, 29, 29, 29, 28]","[0, 0, 0, 0, 0]","[60, 60, 60, 60, 60]"
117673192,-1,0,0,Centered,"[29, 29, 29, 28, 28]","[0, 0, 0, 0, 0]","[60, 60, 60, 60, 60]"
117696340,-1,0,0,Centered,"[29, 29, 28, 28, 28]","[0, 0, 0, 0, 0]","[60, 60, 60, 60, 60]"
117748183,-2,0,0,Centered,"[29, 28, 28, 28, 27]","[0, 0, 0, 0, 0]","[60, 60, 60, 60, 60]"
117774187,-1,0,0,Centered,"[28, 28, 28, 27, 27]","[0, 0, 0, 0, 0]","[60, 60, 60, 60, 60]"
117814174,-1,0,0,Centered,"[28, 28, 27, 27, 27]","[0, 0, 0, 0, 0]","[60, 60, 60, 60, 60]"
117838527,-2,0,0,Centered,"[28, 27, 27, 27, 26]","[0, 0, 0, 0, 0]","[60, 60, 60, 60, 60]"
117896195,-1,0,0,Centered,"[27, 27, 27, 26, 26]","[0, 0, 0, 0, 0]","[60, 60, 60, 60, 60]"
117946163,-1,0,1,Centered,"[27, 27, 26, 26, 26]","[0, 0, 0, 0, 0]","[60, 60, 60, 60, 61]"
117976337,-2,0,1,Centered,"[27, 26, 26, 26, 25]","[0, 0, 0, 0, 0]","[60, 60, 60, 61, 61]"
